,Given Name,Family Name,Role,ORCID ID,Keywords,H Index,Citations,institution
0,Giuseppe,Banfi,ASSOCIATE PROFESSOR OF CLINICAL BIOCHEMISTRY AND CLINICAL MOLECULAR BIOLOGY,0000-0001-9578-5338,,,,Vita-Salute San Raffaele University
1,Luca,Mariot,Assistant professor,0000-0003-3089-6517,"Symmetric Cryptography, Evolutionary Computation, Cellular Automata, Machine Learning, Boolean Functions",17.0,1077.0,University of Twente
2,Anshika,Sharma,,0000-0002-8160-0766,,21.0,2173.0,
3,Gabriela Nicole,González Sáez,Jeune Chercheur,0000-0003-0878-5263,,,,Université Grenoble Alpes
4,Luigi,De Giovanni,,0000-0002-8035-0013,,65.0,20088.0,University of Padua
5,FABRIZIO,PASTORE,Associate Professor / Chief Scientist 2,0000-0003-3541-3641,Software Engineering - Software Testing - Program Analysis,24.0,1928.0,University of Luxembourg
6,Linda Greta,Dui,,0000-0002-6826-3419,"Bioengineering, Data Science",9.0,273.0,
7,Maks,Ovsjanikov,Assistant Professor,0000-0002-5867-4046,"3D Computer Vision, Geometry Processing, Shape Analysis, Shape Matching",49.0,11459.0,École Polytechnique
8,Lidia,Alecci,,0000-0002-5297-9893,"Machine Learning, Deep Learning, Wearable Sensors",3.0,39.0,
9,Antonio,Miranda-Escalada,Research Engineer,0000-0002-5654-001X,"health, natural language processing, bioNLP, AI",13.0,2274.0,Barcelona Supercomputing Center
10,Paolo,Cazzaniga,Assistant Professor,0000-0001-7780-0434,"Systems Biology, Computational Intelligence, Mathematical modeling",24.0,2425.0,University of Bergamo
11,Fabio Roberto,Vitello,Tecnologo,0000-0003-2203-3797,,,,INAF
12,Lilia,Alberghina,Director,0000-0003-1694-931X,Systems Biology,61.0,14375.0,SYSBIO.IT
13,Domenico,Giannese,,0000-0002-3773-9744,,,,University of Pisa
14,Luca,Manzoni,,0000-0001-6312-7728,"Evolutionary Computation, Genetic Programming, Cellular Automata, Natural Computing",28.0,2718.0,
15,Cristina,Crocamo,Assistant Professor,0000-0002-2979-2107,,41.0,4839.0,
16,Tin,Nguyen,Associate Professor,0000-0001-8001-9470,#vintechcity #nguyenhung #nguyenhungvintech #authorvintech,106.0,43748.0,Auburn University
17,Isabella,GAGLIARDI,Professore Associato ,0000-0002-3706-0993,"Digital archives, Multimedia information systems, Digital Cultural Heritage",16.0,817.0,University of Florence
18,SARA,ARLATI,,0000-0001-8092-1499,,17.0,950.0,
19,Massimo,Del Fabbro,,0000-0001-7144-0984,"tissue regeneration, implant dentistry, bone biology, evidence-based medicine, systematic reviews",86.0,23228.0,
20,Anna,Ferrari,,0000-0001-5718-630X,HEP HED Nuclear Physics,46.0,7690.0,
21,Haixin,Bi,,0000-0001-9525-1977,,,,
22,Peter,Kellman,,0000-0002-9875-6070,"Signal Processing, Image Reconstruction, MRI",99.0,32723.0,
23,Matteo,Trimarchi,Full professor in Otorhinolaryngology,0000-0001-6472-3484,Otorhinolaryngology,29.0,4123.0,Università della Svizzera italiana
24,Luca,Pancani,Assistant Professor,0000-0002-7834-3826,"Technology addiction, Smartphone use, Social Psychology, Health Psychology, Psychometrics",26.0,2381.0,
25,Roberta,Bonomo,Assistant Professor,0000-0001-6879-2946,,,,Università degli Studi di Enna Kore
26,vincenzo,bonnici,Temporary Assistant Professor with tenure track,0000-0002-1637-7545,"computer science, bioinformatics, artificial intelligence, data science",14.0,942.0,University of Parma
27,Daniele,Romano,,0000-0002-6366-8433,"agent-based modeling, Virtual Reality",40.0,5367.0,
28,Benedikt,Eberhardinger,R&D Manager ,0000-0002-5562-9514,Software Engineering,10.0,274.0,ANSYS
29,Andrea,Spitaleri,Researcher,0000-0003-3012-3557,"life science, computational chemistry, antimicrobial resistance, tuberculosis, neurogenomics",31.0,3126.0,Human Technopole
30,Michela,Lecca,Researcher,0000-0001-7961-0212,,,,Fondazione Bruno Kessler
31,Claudio,Cusano,Associate Professor,0000-0001-9365-8167,"Machine Learning, Computer Vision, Pattern Recognition",24.0,3003.0,University of Pavia
32,Alessandro,Antonietti,,0000-0002-7212-8076,"cognitive psychology, learning, creativity, psychology of music, rehabiitation",45.0,8023.0,
33,Varvara,Antoniou,Laboratory Education Staff,0000-0002-5099-0351,Geographic Information Systems in Geoenvironment and Natural Disasters,14.0,691.0,National and Kapodistrian University of Athens
34,Sofia,Amarù,,0009-0000-7250-3158,,,,
35,Andrea,Salonia,Dean of the Studies,0000-0002-0595-7165,"Urologia, Andrologia",98.0,42353.0,Vita-Salute San Raffaele University
36,Eliana Alessandra,Minelli,,0000-0001-6938-985X,,,,
37,Isabella,Castiglioni,Professore Ordinario,0000-0001-7191-5417,molecular imaging,45.0,11999.0,
38,Andrea,Seveso,Research Fellow,0000-0001-7132-7703,"Data Science, Artificial Intelligence, Explainable AI",9.0,266.0,Interuniversity Research Centre for Public Services
39,Stefano,Tomatis,Physicist,0000-0002-4791-0373,,,,IRCCS Humanitas Research Hospital
40,Gloria,Bertoli,,0000-0002-5901-4269,Life Science,31.0,4060.0,Istituto Superiore di Sanità
41,David,Cruz-Ortiz,Assistant Professor,0000-0003-2066-7470,"Biomedical Engineering, Automatic Control, Robust Control, Robotics",11.0,412.0,Instituto Politécnico Nacional
42,Andrea,Di Cristofori,Neurosurgeon,0000-0002-6148-1894,Neurooncology,20.0,921.0,Azienda Socio Sanitaria Territoriale di Monza
43,Mirko,Rima,,0000-0003-4901-2910,,,,
44,MARCO,CREMASCHI,,0000-0001-7840-6228,Urbanism,17.0,1252.0,
45,Rhodri,Davies,,0000-0001-7630-7517,"Geodynamics, Computational Geosciences, Earth Sciences, Volcanism, Tectonics",33.0,3246.0,University College London
46,Pietro,Mancosu,Adjunt Professor,0000-0002-0165-7931,Medical Physics,47.0,6423.0,Humanitas University
47,Catherine,Landis,Scientific Editor,0000-0002-1956-5496,,,,Cell Press
48,Micol,Rossini,Researcher,0000-0002-6052-3140,"Earth and Environmental Sciences, Remote sensing",50.0,8378.0,University of Milano-Bicocca
49,Marco,Serafin,,0000-0003-4680-0989,"Radiología, Resonancia Magnética, Intervencionismo, Stents, Imagen Preclinica..",12.0,687.0,Studio dentistico Serafin
50,Magauiya,Zhussip,,0000-0002-0703-9851,,9.0,557.0,
51,Emanuela,Foglia,,0000-0003-1381-9069,HTA,,,
52,Alessio,Albé,,0000-0002-9617-8465,"Computer vision, Deep learning, Machine learning",1.0,61.0,
53,GIULIANO,GROSSI,,0000-0001-9274-4047,"Image and video pattern analysis, sparse coding, perceptual computing",17.0,1383.0,
54,Prakash,Chourasia,,0000-0002-1443-2192,"Machine Learning, Artificial Intelligence, Bioinformatics, Federated Learning, EHR",6.0,139.0,AmeriSave Mortgage Corporation
55,Paolo,Uva,,0000-0002-9524-8492,"Rare diseases, genomics, bioinformatics, NGS",32.0,3422.0,Istituto Giannina Gaslini
56,Federico,Giannini,PhD Student,0000-0002-4210-6271,"concept drift, sequence learning, continual learning, data stream mining, online learning",2.0,7.0,Politecnico di Milano
57,Artiom,Alhazov,Principal Researcher,0000-0002-6184-3971,Theoretical Computer Science,27.0,2685.0,Moldova State University
58,M.Besher,Massri,Researcher,0000-0001-9134-4025,"Natural Language Processing, Data Visualization, AI infrastructure",5.0,57.0,Jozef Stefan Institute
59,Jacopo,Soldani,Tenure-Track Assistant Professor (RTDb),0000-0002-2435-3543,"Microservices, Cloud-native, Service-Oriented Architecture, Deployment Automation, Distributed Systems",24.0,2734.0,University of Pisa
60,Andrea,Trentini,,0000-0002-8629-3056,,,,
61,Guido,Sciavicco,,0000-0002-9221-879X,"logica computazionale, analisi intelligente di dati, intelligenza artificiale",29.0,2685.0,
62,Roobaea,Alroobaea,Professor,0000-0003-1585-2962,Artificial intelligence and Internet of Things,34.0,3751.0,Taif University
63,Giuseppe,Agapito,,0000-0003-2868-7732,,24.0,1710.0,
64,Alberto,Raimondi,,0000-0001-7197-4441,"Deep Learning, Machine learning, Knowledge representation",2.0,28.0,
65,Lara,Mangravite,,0000-0001-7841-3612,,54.0,9854.0,
66,Stefano,de Pretis,Computational Biologist,0000-0003-1103-7688,"Computational Biology, Transcriptional regulation, RNA metabolism",16.0,1683.0,IRCCS Ospedale San Raffaele
67,Martin,Tappler,Postdoc,0000-0002-4193-5609,"Model-Based Testing, Automata Learning, Trustworthy AI",16.0,746.0,Graz University of Technology
68,Bruce,Hoff,,0000-0002-4629-2091,,,,
69,Lucrezia,Patruno,,0000-0002-3721-9984,,3.0,77.0,
70,Arjen,de Vries,Co-founder,0000-0002-2888-4202,"Information Retrieval, Databases",51.0,11301.0,Spinque
71,Christian,Bernasconi,,0009-0005-8655-4446,,,,
72,Ian-Christopher,Tanoh,,0000-0001-7248-9472,Statistics,2.0,19.0,
73,Isaias,Martinez-Yelmo,Titular de Universidad,0000-0001-9648-8669,Computer Networks,14.0,476.0,Universidad de Alcalá
74,Martina,Caramenti,,0000-0002-3345-0994,"Fisiologia dell'esercizio, Biomeccanica, Percezione, Stili di vita",8.0,176.0,
75,Fabrizio,Angaroni,Post doc,0000-0002-3375-6686,,11.0,355.0,Human Technopole
76,Chiara,Cordiglieri,Facility Manager/PhD,0000-0002-2013-0043,"neuroimmunologia, autoimmunità, microscopia",25.0,1759.0,National Institute of Molecular Genetics
77,Erika,Peverelli,Post-doctoral fellowship ,0000-0002-4424-7895,,,,University of Milan
78,Nuno,Bento,Machine Learning Researcher,0000-0001-7279-1890,"Innovation and technological change, Diffusion of innovations, Sustainability transitions, Energy and climate change economics",21.0,2900.0,Fraunhofer Portugal Research
79,Marco,Mobilio,Research Fellow,0000-0002-3499-0159,"Software Architecture, Mobile Computing, Software Engineering",12.0,1253.0,
80,Giulia,Ceccarelli,,0000-0002-6511-1217,,,,
81,Joana,Rebelo,,0000-0003-0385-053X,,19.0,1784.0,
82,Alessandro,Vaccari,,0000-0001-9135-9155,,,,
83,Simone,Rubinacci,FIMM-EMBL Group Leader in Statistical Genetics,0000-0002-7725-4813,Statistical genetics,12.0,1514.0,University of Helsinki
84,Mariana Felisa,Ballesteros Escamilla,Assistant Professor,0000-0003-2879-4474,,,,Instituto Politécnico Nacional
85,Enrico,Gallazzi,Medical Doctor,0000-0001-9287-9937,Spine Surgery,15.0,1334.0,G. Pini - CTO
86,Maximiliano,Mollura,Postdoc Researcher,0000-0002-2248-8145,"Bioengineering, Intensive Care Unit, Artificial Intelligence, Advanced Cardiovascular Modeling",8.0,413.0,Politecnico di Milano
87,Giorgio,Carrabba,Associate Professor in Neurosurgery,0000-0002-0170-0653,Neurosurgery,31.0,4125.0,
88,GIOVANNI,LIVRAGA,,0000-0003-2661-8573,"data protection, privacy and security, access control",17.0,876.0,
89,Michael,Ernst,Professor,0000-0001-9379-277X,"Software Engineering, Programming Languages",71.0,24817.0,University of Washington
90,ANDREA,GORRINI,Head of Research,0000-0002-8086-9149,"Urban Informatics, Mobility, Environmental Psychology",19.0,1055.0,ETS
91,Robert,Lubaś,,0000-0002-7261-5042,"crowd dynamics, modeling and simulation, cellular automata, discrete model of pedestrian dynamic",10.0,323.0,AGH University of Science and Technology
92,Estrella,Lucena Sánchez,,0000-0001-9312-1175,,,,
93,Ren,Yang,,0000-0003-4124-4186,"Condensed Matter Physics, Materials Physics, Phase transition, Synchrotron X-ray, Neutron scattering",123.0,58490.0,
94,Luca,De Sano,,0000-0002-9618-3774,,6.0,353.0,
95,MARCO,LEONARDI,,0000-0002-7989-1162,"diseguaglianza, salari, disoccupazione",22.0,2691.0,
96,Meng,He,Associate Professor,0000-0003-0358-7102,"Fibres and Textiles, Carbon Nanotubes, Polymer Matrix Composite",47.0,7880.0,Dalhousie University
97,Illya,Bakurov,,0000-0002-6458-942X,"Machine Learning, Image Signal Processing, Compute Vision, Evolutionary Computation",10.0,367.0,
98,Paola,Perego,Staff scientist,0000-0003-2806-7269,,,,Fondazione IRCCS Istituto Nazionale dei Tumori
99,Ghalia,Hemrit,,0000-0002-9631-296X,"Colour science, Illuminant estimation, Image processing",3.0,97.0,
100,Vincenzo,Cutrona,Researcher,0000-0001-7830-7596,"Semantic Web, Data Integration, Big Data",10.0,328.0,University of Applied Sciences and Arts of Southern Switzerland
101,claudia,cava,,0000-0002-5540-4104,,24.0,5532.0,
102,Luigi,Di Caro,Associate Professor,0000-0002-7570-637X,"Rotorcraft technology, wind energy",52.0,9256.0,University of Turin
103,Noemi,Corti,,0000-0002-0798-6429,,8.0,177.0,
104,Davide,Rendina,,0009-0001-3001-8864,,,,
105,Marco,Piazza,,0000-0002-8337-0415,Interventional Cardiology,18.0,1861.0,
106,Rishabh,Upadhyay,,0000-0001-9937-6494,nagla BARI Etah,9.0,214.0,
107,Angelo,Ferrando,Assistant Professor,0000-0002-8711-4670,"Artificial intelligence, Formal Methods, Runtime Verification, Multi-Agent Systems",18.0,1215.0,University of Modena and Reggio Emilia
108,Saulo,Soares de Toledo,,0000-0002-0747-4052,"Technical Debt, Software Architecture",5.0,251.0,University of Oslo
109,Alessandro,Rozza,chief research officer,0000-0001-6269-1351,"Pattern Recognition, Machine Learning, Deep Learning, Graph Neural Networks, Intrinsic Dimension Estimation",19.0,4900.0,lastminute.com
110,Giovanni,Quattrocchi,Assistant Professor,0000-0002-0405-9814,Physical Oceanography,15.0,637.0,Politecnico di Milano
111,Joran,Leest,,0009-0003-1335-6559,"Software engineering, ML systems",1.0,6.0,
112,Camilla,Torlasco,Coordinator of the Cardiac Magnetic Resonance Service,0000-0003-2382-6721,"cardiovascular imaging, high altitude medicine, artificial intelligence",30.0,3248.0,IRCCS Istituto Auxologico Italiano
113,Fausto,Lodi,,0000-0003-4506-2304,,,,
114,Ionut Daniel,Fagadau,,0009-0007-8464-8435,,,,
115,DARIO C,ALTIERI,President and CEO/Cancer Center Director,0000-0002-0617-3469,,,,The Wistar Institute
116,Fabio,Saracco,Tenured Reseacher,0000-0003-0812-5927,"Entropy, Economic Complexity, Complex Networks, String Theory, Cosmology",21.0,1885.0,Enrico Fermi Center for Study and Research
117,Torsten,Hädrich,,0000-0001-7959-2579,Computer Graphics,10.0,435.0,
118,federica,romagnoli,Researcher RTDA,0000-0001-5520-3356,,3.0,23.0,Sapienza University of Rome
119,Emanuele,Petriglia,,0009-0004-6579-4689,,,,
120,Jianyi,Lin,,0000-0002-3299-448X,"Theoretical Computer Science, Machine Learning, Computational Mathematics",12.0,5380.0,
121,Alessandra,Gorla,,0000-0002-6711-3080,"Software Engineering, Software Testing, Mobile apps, Android",27.0,5724.0,
122,Domenico,Siracusa,,0000-0002-5640-6507,,28.0,2650.0,
123,Marco,Peracchi,,0000-0003-1319-3924,,,,
124,Ricardo,Coimbra Brioso,PhD Candidate,0000-0003-1635-0489,"Deep Learning, Biomedical Imaging",3.0,20.0,Politecnico di Milano
125,Marta,Scorsetti,Full Professor in Diagnostic Imaging and Radiotherapy ,0000-0003-0320-559X,"Radiosurgery, SBRT, VMAT",58.0,13610.0,Humanitas University
126,Ilaria,Crespiatico,PhD Student,0000-0002-4269-3023,"Ematologia, Cancro, Biologia cellulare, Genetica",5.0,153.0,
127,Cristina,Rovelli,Postdoc researcher,0000-0003-3171-6696,,,,University of Toronto
128,Ulises,Villela,,0000-0002-2089-2152,,,,
129,alain,gelibter,,0000-0002-7832-5281,,,,
130,,,,0000-0002-3413-3325,,123.0,215569.0,
131,Elena,Bellini,Research Fellow,0000-0002-1314-229X,"sensory design, inclusive design, design for autism, design for health, healthcare design, design for disability, accessibility, inclusion, hospital design",,,University of Florence
132,AMLETO,DI SALLE,Assistant Professor (Tenure Track),0000-0002-0163-9784,"Model-Based Software Engineering, Software Architecture, Service Composition, Microservices",15.0,965.0,Gran Sasso Science Institute
133,Joaquin,Alvarez-Horcajo,Profesor Ayudante Doctor,0000-0002-8522-9933,"Redes y Dispositivos Híbridos, Conmutadores avanzados, SDN",9.0,265.0,University of Alcalá
134,Stefan,Ohrhallinger,,0000-0002-2526-7700,"Shape, Surface Reconstruction, Point Clouds",9.0,428.0,
135,Andrea,Terrasi,Postdoctoral Research Fellow,0000-0003-4955-3346,Cancer,11.0,981.0,Oslo University Hospital
136,Simone,Montangero,Professor,0000-0002-8882-2169,"quantum science, classical simulations, optimal control",58.0,11218.0,University of Padua
137,Gustavo,Stolovitzky,,0000-0002-9618-2819,,,,
138,Fabio,Cumbo,Postdoctoral Researcher,0000-0003-2920-5838,"Computer Science, Bioinformatics, Machine Learning, Metagenomics, Vector Symbolic Architectures",16.0,3739.0,Cleveland Clinic
139,Juan Antonio,Carral,,0000-0002-5545-9463,advanced switches,11.0,523.0,
140,EDOARDO,FADDA,Personale esterno ed autonomi,0000-0002-5599-6349,Operation Research,16.0,709.0,Politecnico di Torino
141,Andrea,Gaggioli,Full Professor,0000-0001-7818-7598,"Positive Technology, User Experience, Cyberpsychology",69.0,20048.0,Università Cattolica del Sacro Cuore
142,Gianvincenzo,Zuccotti,,0000-0002-2795-9874,,67.0,18113.0,
143,michela,perego,Research Assistant Professor,0000-0002-5671-928X,"biology, cancer, immunology",17.0,3476.0,The Wistar Institute
144,Elisa,Rojas,,0000-0002-6385-2628,,13.0,893.0,
145,Francesco,Stranieri,,0000-0002-5366-8499,"energetica degli edifici, acustica, fonti energetiche rinnovabili, analisi di ciclo di vita",59.0,12473.0,
146,Alexander,Schönhuth,,0000-0003-3529-0856,"Deep Learning in Genomics, Computational Genomics, Data Science, Bioinformatics",35.0,6407.0,
147,Kyriaki,Drymoni,Research fellow ,0000-0001-7262-8719,"Volcanology, Volcanotectonics, Petrology",10.0,324.0,Ludwig-Maximilians-Universität München
148,Alberto,Caprioglio,Associate Professor of Dentistry,0000-0002-8264-7320,"Orthodontics, Growth, Dental Traumatology, Breath disorders",,,University of Milan
149,Nicola,Bena,,0000-0003-4909-9892,,8.0,128.0,
150,RICCARDO,COLOMBO,,0000-0002-9499-0126,"Critical care medicine, anaesthesiology",31.0,5605.0,
151,Allan,Hanbury,Professor,0000-0002-7149-5843,"Information retrieval, data science",50.0,12909.0,TU Wien
152,Luisa,Ottobrini,Professore Associato,0000-0002-5002-6845,,,,
153,Antonio E.,Porreca,Maître de conférences,0000-0003-1544-028X,"natural computing, computational complexity, computability, discrete dynamical systems, theoretical computer science",24.0,1182.0,Laboratoire d’Informatique et Systèmes
154,Andrea,Aroldi,Physician Scientist,0000-0002-3428-5353,"Immunotherapy, CAR T cell therapy, Bone Marrow Transplantation, Lymphoma and Leukemia, Myeloproliferative Neoplasms",11.0,302.0,
155,Giacomo,Verticale,Associate Professor,0000-0001-7508-9706,"networking, communications, smart grid, privacy",21.0,2050.0,Politecnico di Milano
156,Domenico,Albano,Ricercatori,0000-0001-7989-9861,Nuclear Medicine,28.0,2740.0,
157,Giulio,Caravagna,Visiting scientist,0000-0003-4240-3265,"Cancer Data Science, Cancer Evolution, Bioinformatics, Computational Biology",23.0,2052.0,Institute of Cancer Research
158,Casper,Reijnen,,0000-0001-6873-7832,,,,
159,Giovanna,Mantovani,,0000-0002-9065-3886,"Endocrinology, neuroendocrinology, rare diseases",56.0,11164.0,
160,Symeon,Symeonidis,,0000-0002-3259-614X,"Sentiment Analysis, Intention Mining, Business Intelligence, Artificial Intelligence",14.0,942.0,
161,Michell,Guzman Cancimance,,0000-0002-3006-4414,,,,
162,Matthias,Klumpp,Associate Professor for Human-centered Operations Systems,0000-0002-7543-2751,"Logistics, Supply Chain Management, Sustainability, Digitalization, Industry 5.0",29.0,3809.0,Politecnico di Milano
163,Riccardo,Dondi,,0000-0002-6124-2965,"Algorithms, Bioinformatics",22.0,1752.0,
164,paolo,verderio,,0000-0002-9231-1281,,,,Fondazione IRCCS Istituto Nazionale dei Tumori
165,Ilaria,Erba,,0000-0003-0332-9533,"Artificial Intelligence, Computer vision",2.0,29.0,
166,Andreas,HOLZINGER,Full Professor for digital transformation in smart farm and forest operations,0000-0002-6786-5194,"Human-Centered AI, Digital Transformation, XAI, interactive Machine Learning, trustworthy AI",84.0,29878.0,University of Natural Resources and Life Sciences
167,Görkem,Kılınç Soylu,Postdoctoral researcher / lecturer,0000-0002-7047-0556,"Concurrency theory, Petri nets, liveness, information flow security, non-interference",6.0,79.0,Izmir Institute of Technology
168,Linqiang,Pan,Professor,0000-0002-4554-455X,"membrane computing, systems biology, DNA nanotechnology",58.0,10178.0,Huazhong University of Science and Technology
169,ANDREA,TANGHERLONI,Assistant Professor,0000-0002-5856-4453,"Bioinformatics, Systems Biology, Artificial Intelligence, Soft Computing, HPC",18.0,1592.0,Bocconi University
170,Tommaso,Bocci,,0000-0001-8874-1070,,,,
171,DEBORA,NOZZA,Postdoctoral Researcher,0000-0002-7998-2267,"Natural Language Processing, Hate Speech, Computational Social Science, Ethics in AI",20.0,3038.0,Bocconi University
172,Vladimir,Filipovic,full professor,0000-0002-5943-8037,"Sustainable Agriculture, Organic Agriculture, Agroecology, Agro-biodiversity, Seeds",18.0,1324.0,University of Belgrade
173,Heather,Ross,Professor,0000-0003-4384-3027,"Human Resources for Health, Health Workforce, Health Systems Strengthening",6.0,1479.0,University of Toronto
174,Massimo,Tornatore,Associate Professor,0000-0003-0740-1061,"Optical networks, Green networking, Network Function Virtualization, Machine Learning in Network Management",59.0,13829.0,Politecnico di Milano
175,Kiarash,Moghaddasi,,0009-0001-0144-0759,,,,IRCCS Ospedale San Raffaele
176,Valentina,Giansanti,Computational Biologist,0000-0003-0617-6245,,,,IRCCS Ospedale San Raffaele
177,Meriem,Bettayeb,Graduate Research and Teaching Assistant,0000-0002-0163-1395,"Artificial intelligence, Computer Network, IoT Security, Blockchain",7.0,336.0,Khalifa University
178,Aurelio,RAVARINI,Affiliate Professor,0000-0002-3114-9727,"information systems, digital transformation",19.0,1980.0,Grenoble Ecole de Management
179,marco,marelli,Assistant professor,0000-0001-5831-5441,,29.0,6379.0,
180,Ludovico,Iovino,Assistant Professor - Tenure Track,0000-0001-6552-2609,"MDE, Software engineering, Software Evolution, Software Architectures, IoT",25.0,1947.0,Gran Sasso Science Institute
181,Francesco,Lomio,,0000-0003-3033-3044,"Machine Learning, Deep Learning, Software Quality",10.0,453.0,Tampere University
182,yunchen,zhang,,0000-0001-7037-5180,"Natural Language Professing, Responsible AI",4.0,10489.0,
183,Giuseppe,Jurman,Senior Researcher,0000-0002-2705-5728,Data science,40.0,17831.0,Fondazione Bruno Kessler
184,Marta,Corbella,,0000-0002-0969-6484,"teoria de la educación, educación moral y cívica, política educativa, educación a distancia, educación superior",30.0,4134.0,
185,Alessandra,Cinque,,0000-0002-5739-742X,,,,
186,Trama,Annalisa,,0000-0001-8220-9833,,,,Fondazione IRCCS Istituto Nazionale dei Tumori
187,Francesco,Craighero,,0000-0001-8457-6979,"Deep Learning, Machine Learning, Anomaly Detection, Interpretability",5.0,82.0,École Polytechnique Fédérale de Lausanne
188,Davide,Maspero,Postdoctoral Fellow,0000-0001-8519-4331,"Single cell data analysis, Computational Biology, Systems Biology",13.0,535.0,National Center for Genomic Analysis
189,Salvatore,Gitto,,0000-0002-3623-7822,,,,
190,Nicola,Lambri,Teaching Assistant,0000-0001-8706-6480,,,,Politecnico di Milano
191,Francesco,Bianconi,,0000-0003-3371-1928,"Image processing, Computer vision, Colour, Texture, Radiomics",33.0,3545.0,
192,umberto,capitanio,,0000-0001-9225-1795,Urology,74.0,23091.0,Ospedale San Raffaele
193,Giulia,Cisotto,Assistant Professor,0000-0002-9554-9367,"computational neuroscience, AI, machine learning, EEG, time-series",15.0,897.0,
194,,,,,,123.0,215569.0,
195,CLAUDIO AGOSTINO,ARDAGNA,,0000-0001-7426-4795,,,,
196,hamed,allahverdi,PhD student in Bioinformatics,0009-0009-8087-7067,"Bioinformatics, scRNA-seq transcriptomics, Deconvolutional analysis, Machine learning, Network analysis",,,Luxembourg Institute of Health
197,Paolo,Buono,,0000-0002-1421-3686,"Information Visualization, Human-Computer Interaction, Visual Analytics, Mobile Computing",25.0,2948.0,
198,Noura,EL MOUSSA,,0000-0002-4871-3734,"software testing, machine learning, human interaction, smart ecosytsems",1.0,2.0,
199,Sherwin,Varghese,Research Assistant in Verification of Neurosymbolic Learning,0000-0003-0191-8107,"Neuro-Symbolic AI, Neural Network Verification, Explainable AI, Knowledge Graphs, Recommender Systems",2.0,13.0,Imperial College London
200,Hui,Xue,Principal Scientist,0000-0002-4561-5530,T cell biology and gene regulation,46.0,9196.0,Microsoft Research
201,THOMAS,CECCONELLO,,0000-0001-6519-5011,"Machine Learning, Computer Vision",2.0,30.0,
202,Barbara,Di Camillo,,0000-0001-8415-4688,"Computational Biology, Bioinformatics, Modelling of molecular systems",39.0,8224.0,
203,Annamaria ,Morotti ,Postdoc,0000-0002-4247-4365,,,,Mario Negri Institute for Pharmacological Research
204,Francesco,Bartoli,,0000-0003-2612-4119,,40.0,5013.0,
205,Christopher Andrew,Lovejoy,Doctor,0000-0003-0919-1264,"Machine Learning, Healthcare",10.0,1319.0,University College London
206,Markus,Plass,,0000-0003-2718-7648,,15.0,1445.0,
207,Mauro,Castelli,,0000-0002-8793-1451,"Genetic Programming, Machine Learning, Artificial Intelligence",39.0,6892.0,Universidade NOVA de Lisboa
208,Joseph,Salvino,,0000-0002-2184-5980,,,,
209,Leonardo,Vanneschi,,0000-0003-4732-3328,"Evolutionary Computation, Genetic Programming, Particle Swarm Optimization, Artificial Intelligence, Machine Learning",44.0,7411.0,Universidade NOVA de Lisboa
210,Steven,Van Rossem,,0000-0002-7160-3541,"NFV, SDN, Computer Science, Communication Networks",13.0,615.0,
211,He,Zheng,,0000-0002-5648-0408,"Soil Science, Environmental Science, Microbial Ecology",93.0,31823.0,
212,DILETTA,FONTANA,,0000-0003-1633-6310,Oncohematology,11.0,546.0,
213,Serena,Di Cosimo,,0000-0002-4666-8052,,,,The Open University
214,MARIO,SCARTOZZI,,0000-0001-5977-5546,oncology,60.0,11955.0,
215,Chiarella,Sforza,Full professor,0000-0001-6532-6464,3d functional anatomy of stomatognatic and locomotor systems,82.0,23172.0,
216,PAMELA,VIGNOLINI,,0000-0002-9500-7971,,22.0,3060.0,
217,Alessia,Paglialonga,Adjunct Professor,0000-0002-1341-2560,,21.0,1339.0,Politecnico di Milano
218,Richard,Roettger,,0000-0003-4490-5947,"bioinformatics, clustering, machine learning, deep learning",17.0,1384.0,Southern Denmark University
219,Laura,Guarnaccia,Health Researcher,0000-0002-5909-0165,"Oncology, Brain Cancer",14.0,705.0,Fondazione IRCCS Ca' Granda Ospedale Maggiore Policlinico
220,Jordi,Solé-Casals,Tutor and Collaborator,0000-0002-6534-1979,"Signal processing, Machine learning, Neurosciences, Biometrics",29.0,2925.0,Open University of Catalonia
221,Shalli,Rani,Associate Professor,0000-0002-8474-9435,"WSN, IoT, Routing Protocols, CPS, Cross Layer",35.0,4332.0,Chitkara University
222,MATTEO,CAMILLI,Assistant professor,0000-0003-2491-5267,"software engineering, software verification, software testing",16.0,654.0,Politecnico di Milano
223,Jessica,Artico,,0000-0001-7112-4607,"cardiology, cardiovascular imaging, cardiovascular magnetic resonance, cardiomyopathies, cardio-oncology",25.0,2412.0,St Bartholomew's Hospital
224,Germán,Moltó,Full Professor,0000-0002-8049-253X,"Cloud Computing, Serverless Computing, Scientific Computing, Technology Enhanced Learning",26.0,2349.0,Universitat Politècnica de València
225,Dominik,Köppl, Specially Appointed Associate Professor ,0000-0002-8721-4444,"stringology, algorithms and data structures, combinatorics on words",13.0,530.0,University of Yamanashi
226,Carlo,Lancia,Postdoctoral fellow,0000-0002-1239-0662,"Data Science, Medical Statistics, Markov Chains, Stochastic Modeling",11.0,303.0,Leiden University
227,Esteban,Porrini,,0000-0002-3056-4662,"Diabetic nephropathy, glomerular filtration rate, chronic kidney disease, measured GFR",37.0,46599.0,
228,Mirko,Agarla,,0000-0002-0009-8007,"inspection, hyperspectral, segmentatation, quality, adversarial attacks",7.0,213.0,
229,Stefano,Fiorini,Dottorandi,0000-0001-5432-7584,"Graph Neural Networks, Diffusion Model, Deep Learning, Optimization, Smart Mobility",5.0,72.0,University of Milano-Bicocca
230,Davide,Ginelli,Postdoctoral Researcher,0000-0003-1489-321X,,5.0,80.0,University of Milano - Bicocca
231,Husam,Abdel-Qadir,,0000-0002-7105-7931,Cardiovascular disease,32.0,3400.0,
232,Francesco,Gallo,,0000-0003-0669-5723,,18.0,1621.0,
233,Paolo ,Avogadro,,0000-0001-5170-4479,"Machine Learning, Data Science, High Performance Computing, Physics, Non linear systems",7.0,403.0,
234,Riccardo,Vago,,0000-0002-3781-6770,,,,
235,ANDREA,CAMPAGNER,Post-doc Researcher,0000-0002-0027-5157,"weakly supervised learning, medical machine learning, human-AI interaction, uncertainty management",24.0,2447.0,Istituto Ortopedico Galeazzi
236,Lucia,Languino,Prof,0000-0001-9011-7031,,1.0,188.0,Thomas Jefferson University
237,Marco,Lattuada,,0000-0003-0062-6049,"Nanoparticles, nanomaterials, colloidal science",44.0,8468.0,STMicroelectronics
238,Mehmet Eren,Ahsen,Health Innovation Professor,0000-0002-4907-0427,"AI, Deep Learning, Medical Decision Making, Computational Biology, Compressed Sensing",23.0,2748.0,University of Illinois Urbana-Champaign
239,Gianfranco,Parati,"Senior Professor of Cardiovascular Medicine, past Director of the School of Specialization in Cardiovascular Diseases",0000-0001-9402-7439,,,,
240,Muneer,Ahmad,,0000-0001-5047-1108,pendidikan keagamaan,123.0,69531.0,University of Roehampton
241,DIEGO,VALSESIA,,0000-0003-1997-2910,"Signal processing, Image processing, Machine learning",23.0,1888.0,
242,Simone Giuseppe,Locatelli,,0000-0003-3929-8409,,,,
243,Stefania,Bramanti,Capo Sezione Terapia Cellulare ,0000-0002-4117-7991,,,,IRCCS Humanitas Research Hospital
244,Patrick-Benjamin,Bök,Professor for Operating and Distributed Information Systems,0009-0009-1780-8501,"Communication Networks, Distributed Systems, Micro-Services, Smart Cities",13.0,391.0,Rhine-Waal University of Applied Sciences
245,Jinfeng,Xiao,Graduate Research Assistant,0000-0002-1215-8038,"Global ecology, terrestrial carbon cycle, remote sensing, ecological modeling, data assimilation",66.0,15624.0,University of Illinois Urbana-Champaign
246,Giulio,Bonomo,MD,0000-0002-4749-7929,,,,University of Messina
247,Marzia,Di Filippo,,0000-0002-7428-0522,,8.0,304.0,
248,Silvia,Terragni,,0000-0002-0358-1854,"information retrieval, topic modeling, dialog systems, natural language processing, machine learning",9.0,804.0,
249,Mourad,ZAIED,,0000-0003-4013-5834,"Machine learning, Deep learning, Computer vision, Computational intelligence, Internet of",30.0,2813.0,
250,Sara,Rahmati,Post-doctoral fellow,0000-0002-2009-4660,"Computational biology/oncology/medicine, Network and pathway analysis, Heterogenous Data Integration, Data mining/integration/vi",8.0,376.0,University Health Network
251,Johanna,Pijnenborg,Gynecological oncologist,0000-0002-6138-1236,"endometrial cancer, translational research, molecular markers, pathology, laparoscopy",41.0,5011.0,Radboud University
252,Michael,Menden,,0000-0003-0267-5792,"Computational Biomedicine, Pharmacogenomics, Early Drug Discovery",25.0,6293.0,The University of Melbourne
253,Riccardo,Angius,Research Scholarship in Cognitive ergonomics,0000-0003-0291-3332,"Novelty detection, Parallel algorithms, Question answering, Knowledge Search and Representation",2.0,25.0,
254,Eleonora,Calabretta,,0000-0002-8105-1322,,,,IRCCS Humanitas Research Hospital
255,SIMONE,FONTANA,,0000-0001-7823-8973,,28.0,3251.0,
256,Gabriele,Russo Russo,,0000-0001-8233-4570,"spine, functional morphology, ape and human evolution, tails, locomotion",16.0,760.0,
257,Francesco,Fiorio,,0000-0002-9752-1114,,,,
258,RICCARDO,MELEN,,0000-0002-9744-3750,,,,
259,Hanna,Suominen,Professor,0000-0002-4195-1641,"Machine Learning, Natural Language Processing, Performance Evaluation, Health Informatics, Educational Technology",29.0,3671.0,Australian National University
260,Susanna,Falsaperla,Senior Researcher,0000-0002-1071-3958,"Volcano seismology, geostatistics",27.0,2230.0,National Institute of Geophysics and Volcanology
261,Alfredo,Landolfo,,0009-0008-2971-3959,,,,
262,Chiara,Damiani,,0000-0002-5742-8302,"Computational Systems Biology, Metabolic Network modeling, Omics data integration, Single-cell RNAseq data analysis",20.0,1133.0,
263,Fabio,Remondino,head of research unit,0000-0001-6097-5342,"photogrammetry, 3D modeling, AI",71.0,24388.0,Fondazione Bruno Kessler
264,elisa mariarosaria,farella,Researcher,0000-0002-3404-6395,3D survey,14.0,452.0,Fondazione Bruno Kessler
265,FABRIZIA,MANTOVANI,,0000-0003-4772-9109,,47.0,9079.0,
266,Oscar,Cornejo,Research Associate,0000-0002-9243-8071,"Optimización No-Lineal, Lineal. Estimación de Parámetos",4.0,65.0,University of Luxembourg
267,Benedetta,Baldini,,0000-0003-4365-4998,,,,
268,Raquel,Norel,Research Staff member,0000-0001-7737-4172,"Digital Health, Computational Biology, crowdsourcing",34.0,6088.0,IBM Thomas J Watson Research Center
269,Luca Maria,Sconfienza,,0000-0003-0759-8431,Radiodiagnostica,60.0,13792.0,
270,Francesco Paolo,Perelli,,0000-0002-9192-0034,medicine,6.0,110.0,
271,Philip,Bourne,,0000-0002-7618-7292,"Data Science, Computational Biology, Drug Discovery, Scholarly Communication, Professional",85.0,92280.0,University of Virginia
272,Jonathan,Klein,,0000-0001-6560-0988,child and adolescent health,85.0,25601.0,
273,Christina,Boucher,,0000-0001-9509-9725,"bioinformatics, metagenomics, antimicrobial resistance, algorithms, big data",29.0,3513.0,
274,Moritz,Staudinger,Student Staff in Research,0000-0002-5164-2690,,3.0,12.0,TU Wien
275,Alessandro,Tundo,,0000-0001-8840-8948,"Cloud Monitoring, Self-Adaptive Systems, Sustainable Software, Software Architecture",7.0,129.0,TU Wien
276,Ernesto,Jimenez-Ruiz,Lecturer in Artificial Intelligence,0000-0002-9083-4599,"Semantic Web, Knowledge Representation, Ontology Alignment, Ontology Embeddings, Knowledge Graphs",48.0,7381.0,"City, University of London"
277,Nicolas,Calmi,,0009-0000-3682-6558,,,,
278,Federico,Pianzola,Assistant Professor,0000-0001-6634-121X,"computational humanities, DH, narrative theory, literature, digital social reading",13.0,559.0,University of Groningen
279,ciro,franzese,Assistant Professor,0000-0001-6893-6284,,,,Humanitas University
280,Sahar,Shah,,0009-0001-5588-8823,"Applied mathematics, computational fluid dynamics, fluid mechanics, heat transfer",4.0,327.0,
281,Marco,Oliva,PhD Student,0000-0003-0525-3114,"Cancer Research, Oncology, Immunology, Genetics, CRISPR",55.0,12879.0,University of Florida
282,Antonio,Candelieri,,0000-0003-1431-576X,"Machine Learning, Bayesian Optimization, Data Science, Decision Support",32.0,3801.0,
283,Ernesto,Damiani,"Professor, C2PS Director",0000-0002-9557-6496,"Intelligent systems, cyber security, Big data analytics, Service-oriented computing",66.0,26137.0,Khalifa University of Science Technology
284,Derek,Smith,Emeritus Professor,0000-0002-8128-2067,,65.0,23965.0, University of South Wales  -
285,Thierry,Denoeux,Professeur,0000-0002-0660-5436,"Uncertainty modeling, belief functions, Dempster-Shafer theory, evidential reasoning, uncertain reasoning",63.0,15168.0,Université de Technologie de Compiègne
286,SIMONE,SPOLAOR,Postdoc,0000-0002-3383-367X,"Systems Biology, Computational Biology, Computational Intelligence, Neuromorphic Computing",14.0,541.0,Eindhoven University of Technology
287,Valentina,Vaira,,0000-0003-4416-6216,"Molecular Pathology, Biomarkers, Cancer biology, miRNA profiles",42.0,6318.0,
288,Olivia,Realdon,,0000-0002-7879-4723,"Emotion, cultural shapers of human emotion expression, neurotelerehabilitation, patient and dyad engagement",14.0,880.0,
289,Federico ,PASQUARE' MARIOTTO,Associate Professor,0000-0003-2157-8760,"Structural Geology, Science Communication",27.0,1629.0,University of Insubria
290,Riccardo,Romanello,,0000-0002-2855-1221,"Graph Theory, Quantum Automata, Quantum Circuit Synthesis, Quantum Machine Learning",4.0,48.0,
291,Egor,Ershov,senior researcher/head of sector,0000-0001-6797-6284,,12.0,637.0,Kharkiv Institute of Information Transmission Problems
292,Liadh,Kelly,,0000-0003-1131-5238,"Information Retrieval, Ubiquitous Computing, Lifelogging, eHealth",24.0,2471.0,
293,Raffaella,Lanzarotti,,0000-0002-8534-4413,Computer Vision,21.0,1562.0,University of Milan
294,Flavio,Piccoli,Postdoctoral Fellow,0000-0001-7432-4284,"Industrial Quality Inspection, Image Enhancement, Speaker Recognition, Earth Observation",11.0,681.0,Istituto Nazionale di Fisica Nucleare
295,Sabino,Luzzi,"M.D., Ph.D.",0000-0002-1381-8528,,29.0,2258.0,University of Pavia
296,Marília,Barandas,,0000-0002-9445-4809,"Machine Learning, Uncertainty Quantification, Explainable AI, Time Series, Pattern Recognition",15.0,1105.0,Fraunhofer Portugal Research
297,Marco,Previtali,PostDoc,0000-0003-3040-9539,"bioinformatics, algorithms, data structure, compression",11.0,361.0,University of Milano-Bicocca
298,Corrado,Mio,Senior Researcher,0000-0002-1087-4866,"Machine Learning, Computer Graphics, High Performance Computing",6.0,327.0,Khalifa University
299,Silvia,Lanfranconi,,0000-0002-7281-7218,,,,
300,Valery,Starovoitov,,0000-0001-7190-761X,,,,
301,Gloria,Pietropolli,,0000-0001-7623-8419,Computer Science,4.0,57.0,
302,Giuliana,Panieri,Professor,0000-0001-9411-1729,"Micropaleontology, Fluid emissions, Geochemistry, Gas Hydrate",32.0,2627.0,The Arctic University of Norway
303,Gabriele,Sottocornola,,0000-0001-9983-2330,"Expert Systems, Recommendation Systems, Multi-Armed Bandit, Causal Inference",9.0,216.0,
304,Xavier,Didelot,Professor,0000-0003-1885-500X,"Evolution, Microbiology, Genomics",73.0,19653.0,University of Warwick
305,Roberto,Luksch,,0000-0002-7203-4176,,,,Fondazione IRCCS Istituto Nazionale dei Tumori
306,Rossella,Tomaiuolo,Professor,0000-0002-2828-782X,"medicina di laboratorio, biologia molecolare clinica, biochimica clinica",30.0,2837.0,Vita-Salute San Raffaele University
307,ABEDNEGO WAMUHINDO,KAMBALE,,0009-0003-0221-0693,"Artificial Intelligence, Deep Learning, Machine Learning, Edge/cloud computing, Robotics",1.0,4.0,
308,Patricia,Lago,,0000-0002-2234-0845,"Software Architecture, Software Engineering, Software Sustainability, Green Software",50.0,9712.0,Vrije Universiteit Amsterdam
309,Paolo,Miotto,,0000-0003-4610-2427,,36.0,14718.0,
310,Carmelo,Carlo-Stella,Docenti di ruolo di Ia fascia,0000-0003-3144-0124,"Onco-Hematology, Medicine",53.0,16390.0,HUMANITAS UNIVERSITY
311,André,Carreiro,Senior Researcher,0000-0002-4234-5336,"Machine Learning, Artificial Intelligence, Deep Learning, Computer Vision",9.0,289.0,Fraunhofer Portugal 
312,Trent,Faultless,,0000-0001-5172-3442,,,,
313,Hugo,Gamboa,Full Professor,0000-0002-4022-7424,"Instrumentation, Signal Processing, Machine Learning",32.0,3942.0,Universidade Nova de Lisboa
314,GUGLIELMO,DE ANGELIS,,0000-0002-1076-0076,"Software Engineering, Service Oriented Architecture, Software Testing, Model Driven Engineering",19.0,995.0,
315,Paolo,Tonella,Professor,0000-0003-3088-0339,"Computer Science, Software Engineering, Software Testing",70.0,15896.0,University of Lugano
316,Irene Alice,Chicchi Giglioli,,0000-0003-2577-0039,"scienze cognitive, realtà virtuale, realtà aumentata",17.0,2513.0,
317,francesca,baglio,,0000-0002-6145-5274,"Neurodegenerative diseases, Multiple Sclerosis, neuroimaging, rehabilitation, digital medicine",40.0,4593.0,
318,Christian,Krupitzer,Tenure Track Professor,0000-0002-7275-0738,"Food Informatics, Adaptive Systems, Industry 4.0, Coordinated Driving, Sports Analytics",22.0,1955.0,Hohenheim University
319,Vincenzo,Giandomenico,,0009-0001-7729-0574,,,,
320,LUCA,DENTI,PostDoc,0000-0001-8786-2276,"Computer Science, Bioinformatics, Sequence Analysis",8.0,161.0,
321,maura,arosio,,0000-0003-3988-3616,,,,
322,TERESA,VILLANI,Docenti di ruolo di IIa fascia,0000-0003-3665-1609,"Universal Design, Health Design, Materiali per l'architettura",8.0,202.0,Sapienza University of Rome
323,Antonio,Brogi,,0000-0003-2048-2468,computer science,41.0,7787.0,
324,Barbara,Zarino,,0000-0002-1906-2223,,13.0,440.0,
325,ANDREA,BRUNELLO,,0000-0003-2063-218X,"Data science, machine learning, evolutionary computation, data modelling, databases",11.0,376.0,
326,DONATELLA,TREPPIEDI,,0000-0001-6636-2619,,,,
327,Pierina,Navarria,,0000-0002-6913-1442,,,,IRCCS Humanitas Research Hospital
328,FRANCESCA,LOBEFALO,,0000-0003-3634-2582,medical physics,28.0,2043.0,IRCCS Humanitas Research Hospital
329,CLAUDIO,BANDI,,0000-0002-0181-4618,,,,
330,Markus,Zanker,Full professor,0000-0002-4805-5516,"Artificial Intelligence, Recommender Systems, World Wide Web, E-Commerce, E-Tourism",43.0,9271.0,Free University of Bozen-Bolzano
331,Luca,La Rocca,Associate Professor of Statistics,0000-0003-0495-1308,"Bayesian methods, graphical models",11.0,347.0,University of Modena and Reggio Emilia
332,Elena,Masserini,,0009-0002-6969-1500,,,,
333,Enrico,Derenzini,,0000-0002-7154-8140,,,,European Institute of Oncology
334,Julio,Saez-Rodriguez,Head of Research,0000-0002-8552-8976,"Systems Biology, Signaling Networks, Systems Biomedicine, systems_pharmacology",90.0,36684.0,European Bioinformatics Institute
335,CRISTINA LIVIANA,CALDIROLI,,0000-0002-1682-1896,psicologia accessibilità apprendimento didattica nuove tecnologie mindfulness,7.0,176.0,
336,Michael,Bronstein,Professor,0000-0002-1262-7252,"geometric deep learning, graph representation learning, graph neural networks, shape analysis",93.0,44710.0,University of Lugano
337,Kirsten,van Abeelen,PhD Candidate,0000-0002-8102-7859,"Artificial Intelligence, Health and Life Sciences, Omics Analysis",,,Radboud University Medical Center
338,Carlo,Reverberi,,0000-0003-3523-1055,"Neuroscience, Psychology",25.0,2231.0,
339,Jens,Stoye,Professor of Genome Informatics,0000-0002-4656-7155,"Bioinformatics, Computational Biology",54.0,13075.0,Bielefeld University
340,Francesca,Heilbron,Physician Cardiologist,0000-0002-6682-573X,,,,Istituto Auxologico Italiano
341,Ilaria,Cavallo,,0009-0002-4866-0326,,,,Fondazione IRCCS Istituto Nazionale dei Tumori
342,Elisa,Sala,,0000-0001-5474-9293,Plant Breeding,15.0,1688.0,
343,Maria Chiara,Leva,,0000-0002-6770-8332,"Human Factors, Risk Assessment, Safety Management, Human Reliability Analysis",19.0,1207.0,Dublin Institute of Technology
344,FEDERICA,MANGILI,PhD ,0000-0002-2758-5841,,,,Fondazione IRCCS Ca' Granda Ospedale Maggiore Policlinico
345,Rayan,Chikhi,,0000-0003-1099-8735,"Computer Science, Bioinformatics",36.0,7584.0,Institut Pasteur
346,Luisa,Bellu,,0000-0002-7286-4014,,,,IRCCS Humanitas Research Hospital
347,Claudia,Giavoli,,0000-0002-6787-1543,,28.0,2531.0,
348,marcello,zappia,,0000-0002-4867-5344,Radiologia Muscoloscheletrica,30.0,2564.0,University of Molise
349,Xin,Niu,,0000-0002-9396-7688,"Chemistry, Nanoscience, Plasmonics",42.0,8561.0,National University of Defense Technology
350,giacomo,reggiori,Medical Physicist,0000-0003-3336-5690,,38.0,3857.0,IRCCS Humanitas Research Hospital
351,Elisa,Pedroli,Professore Associato,0000-0003-4012-262X,"virtual reality, aging, neuropsychology, assessment",29.0,3842.0,Università degli Studi eCampus
352,Damiano,Dei,Radiation Oncology ,0000-0001-9873-7868,,,,IRCCS Humanitas Research Hospital
353,,,,0000-0001-7184-0494,,123.0,215569.0,
354,Matteo,Villa,Ph.D. student,0000-0002-6534-642X,"neuropsicologia, neuroscienze, psicoterapia, neuropsicoanalisi",12.0,1153.0,
355,Emanuele,Rodolà,,0000-0003-0091-7241,"Machine Learning, Audio, Geometric Deep Learning, Geometry Processing, Computer Vision",45.0,10107.0,Sapienza University of Rome
356,Fulvio,Corno,Full Professor,0000-0002-9818-0999,"Ambient Intelligence, Semantic Web, Internet of Things, Human Computer Interaction, Accessibility",44.0,7955.0,Politecnico di Torino
357,Bruno F.,Santos,,0000-0001-9429-6401,Faculty of Aerospace Engineering,21.0,1601.0,Delft University of Technology
358,Duarte,Folgado,Senior Scientist,0000-0002-8481-6079,"Time Series, Signal Processing, Machine Learning, Explainable AI, Biomedical Engineering",16.0,1179.0,Fraunhofer Institute
359,Martina,De Sanctis,Postdoc,0000-0002-9417-660X,"Tissue engineering, Biomaterials, Biofabrication, Regenerative Medicine",8.0,1096.0,Gran Sasso Science Institute
360,Diana,Marin,,0000-0002-8812-9719,"Agentes Conversacionales, Procesamiento de Lenguaje Natural, Interacción Persona-Ordenador, SOA, Informática Educativa",27.0,2718.0,TU Wien
361,Umberto,Ferraro Petrillo,,0000-0002-4308-5126,Computer Science,19.0,1034.0,
362,Ornella,Garrone,Head ,0000-0001-7359-5410,"Oncologia medica, tumori mammari, oncologia traslazionale",37.0,7967.0,Fondazione IRCCS Ca' Granda Ospedale Maggiore Policlinico
363,Paolo,Gandellini,Associate Professor,0000-0002-7811-3377,"non coding RNA, prostate cancer, cancer associated fibroblasts, long non coding RNA, microRNA",,,University of Milan
364,Ilias,Gerostathopoulos,,0000-0001-9333-7101,"software architecture, self-adaptive systems, data-driven software engineering",23.0,1916.0,Vrije Universiteit Amsterdam
365,Timur,Temizer,,0000-0002-4417-4868,,,,
366,VALENTINA ALICE,BRACCHI,Ricercatore a tempo determinato tipo B,0000-0001-9918-7079,"Paleoecology, Paleontology, Algal reefs, Quaternary, Mediterranean",17.0,780.0,
367,Ridha,Ejbali,Associate professor,0000-0002-8148-1621,"Machine vision, Machine learning, deep learning, pattern recognition, Classification",19.0,1436.0, Faculty of Sciences 
368,Luciana,Brasil Rebelo dos Santos,Postdoc researcher,0000-0002-5193-6218,Computer Science,4.0,70.0,Gran Sasso Science Institute
369,Marko,Grobelnik,Deputy Head of department,0000-0001-7373-5591,"Artificial Intelligence, Machine Learning, Natural Language Processing",42.0,7768.0,Jožef Stefan Institute
370,Roberto,Menè,,0000-0003-1671-1977,"Marine Ecology, Evolutionary Biology, Conservation Biology",87.0,57731.0,
371,Ihsan,Ali,Assistant Professor,0000-0002-9549-2540,distribyted generation,61.0,20410.0,Southeast Missouri State University
372,Davide,CROCE,Senior Lecture,0000-0002-9472-3431,"Machine Learning, Particle Physics, Accelerator Physics",123.0,55606.0,University of the Witwatersrand
373,Leonardo,Alchieri,PhD Candidate,0000-0003-3088-6132,"Affective Computing, Quantum Machine Learning, Machine Learning, Deep Learning, Statistics",3.0,75.0,Università della Svizzera italiana
374,Federica,Malighetti,,0009-0009-2492-8974,,,,
375,ROBERTA,GARBO,,0000-0003-3620-3494,,,,
376,Giuseppe,Riva,Full Professor,0000-0003-3657-106X,"Virtual Reality, multisensory integration, embodiment, interoception, anorexia nervosa",119.0,54381.0,Università Cattolica del Sacro Cuore 
377,Alessio,Cirillo,,0000-0003-0449-9569,,,,
378,Marco,Braga,,0009-0004-7619-8399,STEM Education with PbL. Students developing sustainable projects for their communities,20.0,1315.0,
379,Giorgia,Gandolfi,,0009-0007-0154-0884,,,,
380,ARIANNA,FEDELI,,0000-0003-4376-1697,"Internet of Things, Software Engineering, Model-driven Engineering, Low-Code, Digital Twin",6.0,81.0,
381,Heba,Abunahla,,0000-0002-5357-2374,Memristor Device Synthesis Application and Modeling,17.0,1014.0,Delft University of Technology
382,Sam,Cromie,,0000-0001-5023-0435,"Human Factors, Safety Management, Leadership, Task & Process modelling, Training",10.0,720.0,Trinity College Dublin
383,Giuseppe,Cattaneo,Associate Professor,0000-0002-6983-4818,"computer science, security, distributed architectures",22.0,1722.0,University of Salerno
384,Gabriel,Cerono,,0000-0002-9411-2526,"AI, Machine Learning, Genomics",5.0,165.0,
385,Sandra,Scott-Hayward,,0000-0002-0330-1963,"Network Security, Software Defined Networking, Network Functions Virtualization",21.0,4087.0,
386,Giulia,Carosi,,0000-0003-4811-9345,Endocrinologia,12.0,377.0,
387,Vera,Colombo,,0000-0001-6648-1917,,14.0,533.0,
388,Felipe,Soares,,0000-0002-2837-1853,Biologia Molecular,53.0,9387.0,
389,NICOLA,TONELLOTTO,,0000-0002-7427-1001,"Information Retrieval, Cloud Computing, Machine Learning",28.0,2980.0,University of Glasgow
390,Farooq,Zaman,,0000-0002-9861-4013,"LLM's, Text summarization, Text Simplification, Machine Translation, Deep learning",4.0,123.0,
391,,,,0000-0002-8889-7857,,123.0,215569.0,
392,Alberto,Zancanaro,,0000-0002-5276-7030,"Machine Learning, Deep Learning, Age of Information",5.0,102.0,
393,Tiziana,Ferrante,Docenti di ruolo di Ia fascia,0000-0002-0625-4453,"edilizia sanitaria, edilizia sociale, hospice, tecnologie innovative in legno, valorizzazione patrimonio pubblico",8.0,223.0,Sapienza University of Rome
394,Michael,Mason,,0000-0002-5652-7739,,74.0,22293.0,Bristol Myers Squibb Co
395,DANIELE,SPOLADORE,Research fellow,0000-0002-0527-070X,"Semantic Web, Ambient Assisted Living, Ambient Intelligence, Decision Support Systems, Ontology Engineering",16.0,789.0,National Research Council
396,ali,mohebbi,,0000-0002-4844-4351,"CFD, Enhanced Oil Recovery, ANNs, Molecular Dynamics Simulation, Environmental Engineering",34.0,3720.0,
397,Oronza Antonietta,Botrugno,Scientist,0000-0002-2568-9815,,,,IRCCS Ospedale San Raffaele
398,Andrea Maurizio,Cabibbe,Postdoctoral researcher,0000-0001-9727-6465,,,,Ospedale San Raffaele
399,NICOLETTA,SETOLA,,0000-0002-0632-5354,"Healthcare Architecture, Birth Space Design, Hospital public spaces, Healthy Cities, Healthy neighborhoods",,,
400,Dariusz,Pałka,Assistant professor,0000-0003-1420-981X,,,,AGH University of Science and Technology
401,GIOVANNI,DENARO,,0000-0002-7566-8051,Software Testing - Software Analysis - Software Engineering,25.0,1869.0,
402,BRUNO GIOVANNI,GALUZZI,,0000-0002-8518-5352,"Systems biology, Machine Learning, Bioinformatics",9.0,430.0,CNR Institute of Biomedical Technologies
403,Zhuang,Jia,,0000-0001-9281-9950,"epoxy resin, waterborne epoxy, anticorrosive coating",55.0,10717.0,
404,Alberto,Bruno,,0000-0003-3872-9991,"Cancer, Cancer Stem Cells, Cancer Immunology, Tumor Microenvironment, Virology",45.0,8020.0,
405,Andrea,Ponti,,0000-0003-4187-4209,ObGyn,50.0,10594.0,
406,Elisabetta,Di Nitto,Full Professor,0000-0003-3422-5171,software engineering,43.0,7644.0,Politecnico di Milano
407,Abbas,Alameer,Assistant Professor of Bioinformatics,0000-0002-0699-163X,Bioinformatics,3.0,34.0,Kuwait University
408,Daria,Alexander,,0000-0001-9478-7083,,114.0,53646.0,Radboud University Nijmegen
409,Riccardo,Marin,,0000-0003-2392-4612,"Ichthyology, Phylogenetics, Evolution, Systematics",32.0,5378.0,
410,Riccardo,Nodari,,0000-0002-3485-2485,"evolution, epidemiology, history, microbiology",4.0,90.0,University of Milan
411,ALESSANDRA,SAVINI,,0000-0002-5818-5947,Submarine Geomorphology and Benthic Habitat Mapping,27.0,2415.0,
412,Sheojung,Shin,,0000-0001-9038-9862,,,,
413,Vladimir,Alexiev,Lead,0000-0001-7508-7428,"climate dynamics, meteorology",33.0,5980.0,Ontotext Corp
414,Sountharrajan,Sehar,Associate Professor ,0000-0003-4248-3875,"Cloud Computing, Big Data Analytics , Artificial Intelligence, Machine Learning , R Programming ",,,Amrita Vishwa Vidyapeetham
415,GIULIA,BERNARDINI,Assistant Professor,0000-0001-6647-088X,,35.0,3943.0,University of Trieste
416,Arianna,Blasi,PhD Assistant,0000-0002-9635-2400,"Software Testing, Software Quality, Software Engineering",6.0,262.0,Università della Svizzera Italiana
417,Husain,Poonawala,,0000-0003-4334-7226,"Infectious diseases, Microbiology, Mycobacteria",6.0,165.0,
418,Francesco,Di Maria,Associated Professor,0000-0002-4343-6598,"Human-computer interaction, Theory of Visual Languages, Information Visualization, Multimodal and Multimedia Interaction, Adapti",39.0,6518.0,University of Perugia
419,Eva,Sciacca,Tecnologo,0000-0002-5574-2787,"Scientific Visualization, Workflow Management Systems, Science Gateway, Distributed Computing Infrastructure, High Performance C",34.0,28091.0,Astrophysical Observatory of Catania
420,Enrico,Galimberti,,0009-0009-3553-1198,,,,
421,Shkurta,Gashi,,0000-0001-6650-3784,"Applied Machine Learning, Wearable Sensing, Mobile Computing",11.0,491.0,
422,Paolo,Barsocchi,,0000-0002-6862-7593,"AAL, Indoor positioning, Indoor Localization, Indoor navigation, Cyber Physical Systems",40.0,4725.0,
423,,,,0000-0001-2345-6789,,123.0,215569.0,
424,Marco,Stramba-Badiale,Director,0000-0001-5900-811X,,54.0,59205.0,IRCCS Istituto Auxologico Italiano
425,ANDREA,MANGIATORDI,Senior Assistant Professor (RTDb),0000-0002-1973-8916,Lichenology,66.0,27447.0,
426,Carl-Magnus,Svensson,Post-doctoral researcher,0000-0002-9723-9063,"Image analysis, machine learning",13.0,868.0,Leibniz-Institut für Naturstoff-Forschung und Infektionsbiologie – Hans-Knöll-Institut
427,Tobias,Ahlbrecht,Research Assistant/PhD Candidate,0000-0002-4652-901X,"Cell Biology, Light Microscopy, Lab automation, Regeneration, Tissue patterning",10.0,3257.0,Clausthal University of Technology
428,Gianni,Antichi,Associate Professor,0000-0002-6063-4975,"Systems, Networking, Programmable Hardware",28.0,2979.0,Politecnico di Milano
429,Marco,Anisetti,Full Professor,0000-0002-5438-9467,"Computational Intelligence, Cloud Security, Assurance, Certification of Edge to Cloud Continuum, Image analysis",28.0,4745.0,
430,Luca,Morelli,,0000-0001-7180-2279,"surgical pathology, hematopathology",23.0,2366.0,
431,MARIATERESA,ARTESE,,0000-0001-8453-0807,,,,
432,Tiziano,Bianchi,Associate Professor,0000-0002-3965-3522,"signal processing, image processing, multimedia security, multimedia forensics",34.0,6273.0,Politecnico di Torino
433,Yu,Zhu,,0000-0001-8836-7939,Applied Mathematics,95.0,42732.0,
434,,,,0000-0002-8013-314X,,123.0,215569.0,
435,Danilo,Ardagna,Associate Professor,0000-0003-4224-927X,"Big Data Infrastructures, Cloud computing, Resource Management, optimization, game theory",37.0,7051.0,Politecnico di Milano
436,Roberta,Zupo,,0000-0001-9885-1185,"Epidemiology, Nutrition, Metabolism, Diet",24.0,1914.0,
437,chiara maura,ciniselli,,0000-0003-4488-885X,,,,Fondazione IRCCS Istituto Nazionale dei Tumori
438,Raffaella,Calati,,0000-0001-8130-437X,"suicide, depression, psychotherapy, personality, meta-analysis",53.0,11585.0,
439,Giulia,Rizzi,,0000-0002-0619-0760,,5.0,201.0,
440,Tareq,Al-shami,Demonstrator,0000-0002-8074-1102,"General Topology, Soft set theory and Soft topology, Fuzzy set theory and Fuzzy topology, Decision-making problems",40.0,4302.0,Sana'a University
441,Laura,Riboni,Full Professor of Biochemistry,0000-0002-4149-8226,,,,University of Milan
442,Rafael,Cardoso,,0000-0001-6666-6954,"history of Brazilian art & design, 19th and 20th centuries",20.0,4791.0,University of Aberdeen
443,Roberta,Gualtierotti,Associate Professor,0000-0001-6465-7624,Inflammation and coagulation - Hemophilic arthropathy - Autoimmune rheumatic diseases,36.0,7419.0,
444,Federico,Sternini,,0000-0002-5510-2296,Artificial Intelligence in Medicine,6.0,120.0,
445,Riccardo,Rubini,,0009-0001-0955-6721,"Diagnostics, Vibrations, Condition monitoring",17.0,2955.0,
446,Luca,Ronzio,,0000-0003-2182-4511,,,,
447,Dominik,Michels,,0000-0002-1621-325X,"Algorithmics, Artificial Intelligence, Machine Learning, Scientific Computing, Visual Computing",22.0,1865.0,
448,Benjamin,Langmead,Associate Professor,0000-0003-2437-1976,"Sequence Alignment, Computational Genomics, Computer Science",40.0,110015.0,Johns Hopkins University
449,Thomas,Yu,Associate Director of Data Processing & Engineering,0000-0002-5841-0198,"Cell Biology, RNA modification, human reproduction, endometrium, nucleus",32.0,4685.0,Sage Bionetworks
450,Alberto,d'Onofrio,Senior Researcher,0000-0002-2190-272X,"Applied Machine Learning, Mathematical Epidemiology, Theoretical Biophysics, Biomathematics",46.0,8199.0,University of Trieste
451,Giovanni,Marfia,,0000-0002-5849-7000,,44.0,8303.0,Fondazione IRCCS Ca' Granda - Ospedale Maggiore Policlinico
452,Alessia,Petescia,,0000-0002-9000-3664,Bioinformatics,3.0,18.0,
453,Dominic,Loske,Post-doctoral researcher,0000-0002-7505-6776,Operations Management,8.0,525.0,Technical University of Darmstadt
454,Sören,Pirk,,0000-0003-1937-9797,"CG, CV, AI, ML",27.0,2956.0,
455,Anna Maria,Barbieri,,0000-0003-4909-7512,,18.0,1460.0,
456,Dengyan,Luo,,0000-0001-5482-4636,,,,
457,Fabio,Anselmi,,0000-0002-0264-4761,"machine learning, neuroscience, physics",23.0,2150.0,
458,Martin,Krallinger,Head of Unit,0000-0002-2646-8782,"Biomedicine, NLP, text mining, language models, AI",43.0,7180.0,Barcelona Supercomputing Center
459,Paris,Avgeriou,"Scientific Staff, Professor, Hoogleraar",0000-0002-7101-0754,"Software Engineering, Software Architecture, Empirical Software Engineering, Software Maintenance and Evolution",53.0,11702.0,University of Groningen
460,Giulia,Rodari,,0000-0002-2200-9538,,13.0,504.0,
461,Dumitru,Roman,,0000-0001-6397-3705,,31.0,7218.0,
462,Sara,Pizzamiglio,,0000-0002-7759-0550,,,,Fondazione IRCCS Istituto Nazionale dei Tumori
463,Dario,Pescini,Associate Professor,0000-0002-3090-4823,"Systems Biology, Modelling, Omics",22.0,1497.0,University of Milano-Bicocca
464,Giovanni,Micali,,0000-0003-1008-0692,,,,
465,Miloš,Pušica,ML Research Scientist,0009-0003-4522-6222,"EEG, Machine Learning, Deep Learning, Mental Workload",3.0,32.0,
466,Mahnoor,Khan,,0000-0003-4755-8338,"Big Data Analytics, Expert Systems, Knowledge Based Systems, Blockchain, Smart Grid",8.0,181.0,
467,Marinella,Petrocchi,,0000-0003-0591-877X,"ICT Security and Privacy, Data Analytics",25.0,4233.0,
468,jonatha,anselmi,,0000-0001-5541-5631,"applied probability, operations research, queueing theory, performance, load balancing",16.0,616.0,
469,damu,ding,,0000-0001-9692-7756,"Software defined networks, Network monitoring, Green computing",6.0,224.0,
470,ROBERTO,COLOMBO,Researcher,0000-0003-3997-0576,"Remote Sensing, Earth Observation, Imaging Spectroscopy, Environmental Monitoring, Land Surface Modelling",59.0,12352.0,University of Milano-Bicocca
471,Francesco,Poggi,Researcher,0000-0001-6577-5606,"Markup languages, Semantic web, Knowledge management, Data visualization",14.0,750.0,National Research Council
472,Enea,Parimbelli,Assistant professor,0000-0003-0679-828X,"biomedical informatics, artificial intelligence, decision support, XAI, telemedicine",15.0,1082.0,University of Pavia
473,ILARIA,PIGAZZINI,,0000-0003-2629-6762,Software Engineering,12.0,688.0,
474,Wojciech,Kusa,,0000-0003-4420-4147,"Natural Language Processing, Information Retrieval, Machine Learning",8.0,1750.0,TU Wien
475,Alessandra Maria,Storaci,,0000-0001-9705-0618,,,,
476,Piazza,Rocco,,0000-0003-4198-9620,"Oncohematology, High-Throughput Sequencing",36.0,6298.0,
477,Lorenzo,Delfini,,0009-0001-1072-1210,,,,University of Milano-Bicocca
478,MARTA,MONDELLINI,research fellow,0000-0002-9578-4586,Human Factor in XR,10.0,437.0,National Research Council
479,Paolo,Corradini,Presidente SIE,0000-0002-9186-1353,"Hematology, Hematopoietic Stem Cell Transplantation",,,
480,ricardo anibal,matamoros aragon,Ricercatore,0000-0002-1957-2530,"machine learning, deep learning, natural language processing, recommender systems.",4.0,34.0,
481,Thomas,Prantl,,0000-0003-4044-8494,,9.0,233.0,
482,Valeria,Cardellini,Full professor,0000-0002-6870-7083,"Cloud computing, Distributed systems, Edge computing",38.0,7024.0,University of Rome Tor Vergata
483,Marta,Giltri,,0000-0002-1168-3711,"Physiological signals analysis, Emotion recognition",5.0,170.0,
484,Maha,Farhat,Assistant Professor,0000-0002-3871-5760,"Tuberculosis, informatics, drug resistance, genomics, diagnostics",35.0,6507.0,
485,Ebtesam,Almazrouei,,0000-0003-3445-0467,,,,
486,Riccardo,Cavadini,,0000-0002-7581-5955,"web development, bioengineering, reinforcement learning, computing continuum",2.0,10.0,
487,stefania elena,navone,Researcher,0000-0002-0097-9146,"cancer, stem cells, angiogenesis, intervertebral disc, microglia, neuroinflammation",,,Fondazione IRCCS Ca' Granda Ospedale Maggiore Policlinico
488,Manuel,Wimmer, Head of the Institue of Business Informatics - Software Engineering,0000-0002-1124-7098,"Model Engineering, Software Engineering, Web Engineering, Industrial Engineering, Refactoring",58.0,12747.0,Johannes Kepler Universität Linz
489,Davide,Molinelli,,0000-0002-3995-8529,,,,
490,Stefania,Marrara,,0000-0003-2745-3539,"Smart Factory, XML Retrieval, Information Retrieval",15.0,785.0,
491,Slava,Epelman,Associate Professor,0000-0003-3400-4475,"Macrophages, cardiac, dendritic cells",42.0,13995.0,University of Toronto
492,Hamta,Sedghani,,0000-0002-6495-5717,"Game Theory, Optimization, Reinforcement Learning",5.0,59.0,
493,Marco,Frasca,Associate Professor,0000-0002-4170-0922,"Fisica, Ingegneria",24.0,1656.0,University of Milan
494,Luca,Mologni,,0000-0002-6365-5149,molecular biology,43.0,6991.0,
495,Sinem,Aslan,Docenti,0000-0003-0068-6551,"Affective Computing, Education, AI, HCI, UX",22.0,2109.0,
496,Venkat,Balagurusamy,Research Staff Member,0000-0002-1994-2634,"Nanotech-based bio sensing, Quantum computing, Low-cost bio sensors with AI",33.0,6522.0,IBM Thomas J Watson Research Center
497,Giorgio,Lazzarinetti,Research Scientist,0000-0003-0326-8742,"Machine Learning, Natural Language Processing, Knowledge Graph",2.0,8.0,
498,Dario,Monzani,Assistant Professor (RTD-B),0000-0001-9544-2933,,27.0,2519.0,University of Palermo
499,Marco,Villani,Associate professor in S.S.D. INF01 (Informatics),0000-0002-5991-5470,Complex Systems,26.0,2367.0,University of Modena and Reggio Emilia
500,Dr. Himanshi,Babbar,Assistant Professor,0000-0003-4580-6617,"Software Defined Networking, Deep learning, Internet of Things, Intrusion Detection System",18.0,762.0,Chitkara University
501,Salvatore,Milite,PhD Student,0000-0002-0156-3636,Computational biology,6.0,97.0,Human Technopole
502,Marco,Scutari,Senior Researcher in Bayesian Networks and Probabilistic Graphical Models,0000-0002-2151-7266,"Bayesian Networks, Causal Discovery, Fairness, Machine Learning, Software Engineering",25.0,5850.0,Dalle Molle Institute for Artificial Intelligence Research
503,Anthony,Gramolini,,0000-0003-1109-2070,,51.0,11488.0,University of Toronto
504,Riccardo,Pinciroli,,0000-0003-3375-7256,"Anesthesia, Critical Care",22.0,2216.0,
505,Emanuele,Cavenaghi,,0000-0002-0235-0421,"Machine Learning, Reinforcement Learning, Causal inference, Recommender Systems",3.0,60.0,
506,Davide,Cittaro,Head of Bioinformatics,0000-0003-0384-3700,"Bioinformatics, Single Cell Analysis, Epigenomics",33.0,6391.0,Ospedale San Raffaele
507,davide,ferrari,,0000-0001-7084-6800,medicina del lavoro,90.0,32521.0,
508,Michele,Merli,MD,0000-0002-0905-5927,Hematology,25.0,2874.0,Fondazione IRCCS Ca' Granda Ospedale Maggiore Policlinico
509,ANNALISA,BARSOTTI,Dottorandi,0000-0002-8279-729X,,,,
510,Zayer,Fakhreddine,,0000-0003-1989-5951,Electrical and electronic engineering,9.0,189.0,
511,Gianluca,D'Addese,Dottorando,0000-0001-7755-0893,"Complex sistem, Bioinformatic, RBN, Algorithm and data analysis",4.0,35.0,University of Modena and Reggio Emilia
512,Stefano,Borsa,MD,0000-0001-7393-892X,,,,Fondazione IRCCS Ca' Granda Ospedale Maggiore Policlinico
513,Riccardo,Berto,,0000-0001-8618-6499,,,,
514,Elena,Clerici,,0000-0002-1765-863X,,,,IRCCS Humanitas Research Hospital
515,Jaewoo,Kang,Professor,0000-0001-6798-9106,"Bioinformatics, Machine Learning, Drug Discovery",52.0,18345.0,Korea University
516,Teresa,Scantamburlo,,0000-0002-3769-8874,"Artificial Intelligence, Ethics, Human-Computer Interaction",10.0,304.0,
517,Marie,Robert,Professor of Pathology,0000-0002-6385-4578,,48.0,14265.0,Yale University
518,Apostolos,Ampatzoglou,,0000-0002-5764-7302,"software engineering, technical debt, metrics, software quality, game engineering",34.0,3772.0,
519,CARMELA,GALDIERI,radiographer,0000-0003-3293-2737,,,,IRCCS Humanitas Research Hospital
520,Michael,Hoffman,Senior Scientist,0000-0002-4517-1562,"environmental chemistry, atmospheric chemistry, environmental engineering",131.0,83801.0,Princess Margaret Cancer Centre
521,Feyissa Challa,waka,​Associate Researcher I,0000-0002-2624-6661,"NCDs, Reference Interval, Genomics",15.0,1039.0,Ethiopian Public Health Institute
522,Roman,Nesterov,Lecturer,0000-0002-4162-9070,computer scinece,6.0,71.0,National Research University Higher School of Economics
523,Paul,Veitch,,0000-0002-1775-3450,"networks, performance, virtualisation, 5G, 6G",10.0,400.0,
524,Anisa,Rula,Associate Professor,0000-0002-8046-7502,"Data Quality, Data Management, Semantic Web, Information Extraction",16.0,3379.0,University of Brescia
525,Marco,Sacco,,0000-0002-5055-4031,"Virtual Reality, Manufacturing, Simulation",34.0,4122.0,
526,Andrei Gabriel,Taraboi,,0009-0008-8597-4491,,,,
527,Davide Cesare,Monti,,0009-0004-1710-5500,,,,
528,Raffaele,Perego,Research Director,0000-0001-7189-4724,"Information retrieval, machine learning, high performance computing",43.0,6718.0,National Research Council
529,David M.,Schneeberger,Senior Research and Senior Consultant,0000-0003-0563-5091,"Artificial Intelligence, Data Protection, Explainable AI, Administrative Law",7.0,339.0,
530,Alessio,Zanga,,0000-0003-4423-2121,"Causality, Causal Inference, Causal Discovery",3.0,93.0,
531,Simona,Panelli,,0000-0001-6083-8786,,,,
532,Baker,Mohammad,"Director, System on Chip Center and Professor EECS",0000-0002-6063-473X,"Integrated Circuit Design, Memristor, In-memory-computing, Hardware accelerators, Power management",36.0,4854.0,"Khalifa University of Science, Technology and Research"
533,Bruno,Gaujal,,0000-0001-9081-8401,,29.0,3151.0,
534,Iván de Jesús,Salgado-Ramos,Associate professor B,0000-0002-3854-7031,"Sliding Mode control, Recurrent Neural Networks",15.0,690.0,Instituto Politécnico Nacional
535,Matthijs,Warrens,,0000-0002-7302-640X,"Similarity measures, reliability coefficients, educational trajectories, clustering methods, educational data mining",33.0,6553.0,
536,Mauricio,Soto Gomez,Researcher,0000-0001-5977-9467,"bioinformatics, graph theory, machine learning",11.0,393.0,University of Milan
537,Francesco,Trevisani,,0000-0003-4205-8959,,,,
538,Michele,Ghidini,Medical Oncologist,0000-0001-5435-1218,,,,Fondazione IRCCS Ca' Granda Ospedale Maggiore Policlinico
539,GIANPAOLO,CARRAFIELLO,,0000-0003-1448-2808,,,,
540,Roberta,Ferrucci,Ricercatori,0000-0001-5109-9483,Neurosciences - Psychology - Neuropsychology - Cognition,48.0,13794.0,University of Milan
541,Pietro,Indelicato,,0000-0001-7447-0994,Head and neck surgery,6.0,149.0,Ospedale San Raffaele
542,MARCO,D'ADDARIO,,0000-0002-7659-885X,Psychology,19.0,1519.0,
543,,,,0000-0002-6528-3457,,123.0,215569.0,
544,Giovanni,Tonon,Unit Head,0000-0003-2973-5038,,49.0,18138.0,Ospedale San Raffaele
545,Giada,Pietrabissa,Researcher,0000-0002-5911-5748,"Obesity, eating disorders, cardiovascular disease, motivational interventions to promote healthy living",37.0,5150.0,IRCCS Istituto Auxologico Italiano
546,Luigi,Badano,Professore ordinario,0000-0002-0379-3283,"cardiologia, ecocardiografia, informatica",92.0,92640.0,
547,Stanislav,Fedorov,PhD student,0000-0002-8896-5047,"operational research, machine learning, last mile delivery",4.0,86.0,Polytechnic University of Turin
548,Rahim,Heydarov,PhD Student,0009-0002-7428-2429,"Software Anomaly Detection, Failure Prediction",1.0,4.0,Università della Svizzera italiana
549,Hsin-Yao,Tang,,0000-0003-1838-018X,,,,
550,Gianclaudio,Malgieri,Associate Professor,0000-0003-3495-8471,"Data Protection, AI Regulation, Privacy, Consumer Law, Intellectual Property",23.0,2219.0,Leiden University
551,Heimo,Müller,,0000-0002-9691-4872,"Information Design, Human Computer Interaction, Computational Pathology, Ontologies",27.0,4480.0,Medical University of Graz
552,Lorraine,Goeuriot,,0000-0001-7491-1980,,24.0,2603.0,Université Grenoble Alpes
553,Federico,Pederzolli,,0000-0003-0557-9878,,,,
554,Diego,Lopez-Pajares,,0000-0002-8959-4321,"Networking, SDN, NFV, Multipath",9.0,178.0,Universidad de Alcalá
555,Alessandro,Gabbiadini,Assistant Professor,0000-0002-7593-8007,"social psychology, virtual reality, virtual social interaction, video games",21.0,1592.0,
556,Toni,Mancini,,0000-0003-3355-2170,"Artificial Intelligence, Formal Verification",27.0,1608.0,
557,Xiaofeng,Pan,,0000-0003-1277-3732,,12.0,553.0,
558,Francesco,LO PRESTI,,0000-0002-7461-6276,,43.0,6667.0,
559,Emanuele,Ferrante,"MD, PhD / Dirigente Medico",0000-0002-0556-7650,Pituitary Diseases; Hypogonadism,,,Fondazione IRCCS Ca' Granda - Ospedale Maggiore Policlinico
560,Roberta,Adorni,Research fellow,0000-0002-2851-8376,"Health Psychology, Experimental Psychology, Psychophysiology, Cognitive Neuroscience",24.0,1727.0,University of Milano-Bicocca
561,Katsuhiro,Nishinari,,0000-0003-3069-1757,,,,
562,Catia,Trubiani,,0000-0002-7675-6942,"Software Engineering, Software Performance, Software Architectures, Refactoring",22.0,1585.0,
563,Riccardo,Lancellotti,Associate Professor,0000-0002-9470-8784,"fog computing, cloud computing, content delivery networks, mobile web",22.0,1319.0,University of Modena and Reggio Emilia
564,Claudio,Rota,,0000-0002-6086-9838,"Computer vision, Deep Learning, Image processing, Video restoration",6.0,172.0,
565,Xin,Li,,0000-0002-6352-6523,"AI, intelligent products and system solutions",100.0,39248.0,
566,Rodolfo,Sardone,Executive ,0000-0003-1383-1850,"Epidemiology, Urban Health, Environment, Sense Organs, Frailty",33.0,3707.0,
567,Terese,Besker,Senior Researcher,0000-0002-9811-000X,Circulating biomarkers,34.0,3670.0,RISE Research Institutes of Sweden
568,Nicola Ivan,Lorè,,0000-0001-9159-1632,Host-pathogen interaction,23.0,1698.0,
569,ENRICO,MAGLI,,0000-0002-0901-0251,"Deep learning, image processing, satellite image analysis",47.0,8907.0,
570,Michela,Oltolini,,0009-0002-3918-0099,,,,
571,Paweł,Gawrychowski,associate professor,0000-0002-6993-5440,Algorithms and data structures,31.0,2654.0,University of Wrocław
572,Fereydoun,Hormozdiari,Assistant Professor,0000-0003-2703-9274,"Computational Biology, Algorithms, Machine Learning, Genomics, Cancer Systems Biology",43.0,50536.0,University of California Davis
573,Andrea,Calabria,Director,0000-0003-3515-3384,Internal medicine - Geriatrics,59.0,12110.0,
574,Valerio,Terragni,Senior Lecturer,0000-0001-5885-9297,"Software Engineering, Software Testing, Genetic Programming, Test and Oracle Generation, Program Synthesis",15.0,810.0,University of Auckland
575,Justin H,Guinney,SVP Cancer Genomics,0000-0003-1477-1888,"Cancer genomics, Computational biology",,,Tempus Labs
576,Jagadish,ghosh,,0000-0002-1832-4578,"Immunology, Microenvironment and Metastasis Program",22.0,2746.0,
577,Federico,Moiraghi Motta,,0000-0002-4613-8115,,,,
578,Cezar,Sas,,0000-0002-3018-0140,"Sociologia, Relações Raciais, Violência, Movimento Negro, Memória",7.0,238.0,University of Groningen
579,Valentina,Crippa,,0000-0003-2324-7164,,5.0,116.0,
580,Aaron,Goldman,Assistant Professor,0000-0001-7605-9592,,18.0,2282.0,The Wistar Institute
581,Murray,Patterson,Assistant Professor,0000-0002-4329-0234,ecological economics,29.0,6552.0,Georgia State University
582,Mao,Ye,,0000-0003-4760-8702,"wireless sensor networks, social computing, location-based service, data mining",20.0,7187.0,
583,Chiara,de Philippis,Medical Doctor,0000-0002-7738-997X,,,,IRCCS Humanitas Research Hospital
584,Daniela Maria,Cirillo,Head of Unit,0000-0001-6415-1535,"Mycobacterial diseases, MDROs",85.0,66700.0,Vita-Salute San Raffaele University
585,Marzia,Bedoni,Research Coordinator,0000-0003-2618-3661,,27.0,2044.0,
586,lorenzo,famiglini,,0000-0002-1934-5899,"XAI, Uncertainty Quantification, Human-AI Interaction, Medical AI",8.0,240.0,
587,Wojciech,Palubicki,,0000-0002-2374-346X,"Computer Graphics, Computational Biology, Artificial Intelligence",11.0,891.0,
588,Maurizio,Toccu,,0000-0002-5769-1311,,,,
589,Vincenzo,Corso,Software Engineer,0009-0006-3748-9198,,,,
590,SILVIA ELENA,CORCHS,,0000-0002-1739-8110,,,,
591,Alice,Bernasconi,,0000-0001-8522-6882,,,,Fondazione IRCCS Istituto Nazionale dei Tumori
592,Hans,Westerhoff,,0000-0002-0443-6114,"systems biology, biochemistry, bioenergetics, mathematical biology",98.0,36952.0,University of Manchester
593,Malcolm Christopher Zordan,Whitworth,Reader in Engineering Geomorphology and Natural Hazards,0000-0003-3702-9694,,,,University of Portsmouth
594,Ding,Liu,,0000-0002-0931-1345,"Natural Language Processing, Social Computing, Question Answering, Information Extraction, Computational Linguistics",79.0,31841.0,
595,VIVIANA,MASCARDI,,0000-0002-2261-9926,multi-agent systems,29.0,3397.0,
596,Adriano,Chio,Professor of Neurology,0000-0001-9579-5341,"neurology, neuroepidemiology, neurogenetics, cognition, nuclear medicine",112.0,54075.0,University of Turin
597,FEDERICO,BIANCHI,Postdoctoral Researcher,0000-0003-0776-361X,"Atmospheric chemistry, Mass Spectrometry, Aerosols",51.0,13444.0,Stanford University
598,Peter,Austin,Professor,0000-0003-3337-233X,"Finite Element Methods, Solid Mechanics, Computational Fluid Dynamics, Partial Differential Equations, Isogeometric Analysis",158.0,147692.0,University of Toronto
599,Peijie,Dong,,0000-0003-1952-4544,"LLM Compression, Efficient ML, NAS",11.0,371.0,
600,FEDERICA,ADOBBATI,,0000-0002-6356-7026,,3.0,28.0,
601,Giancarlo,Mauri,Professore emerito,0000-0003-3520-4022,"Computer Sciences, Natural Computing, Bioinformatics, Systems Biology",54.0,11993.0,
602,José,Soler,,0000-0002-7729-6976,Physics,59.0,37916.0,Technical University of Denmark
603,Francesca,Giannese,"Area Coordinator, Innovation Lab",0000-0001-8695-649X,,10.0,404.0,IRCCS Ospedale San Raffaele
604,MAURO MARIA,BALDI,RTDA Researcher,0000-0001-5531-3854,Mathematical methods for Economics,10.0,600.0,University of Macerata
605,Pasquale,Salza,Senior Research Associate and Group Coordinator,0000-0002-8687-052X,"Software Engineering, Machine Learning, Cloud Computing, Evolutionary Computation",19.0,942.0,University of Zurich
606,Jorge Eduardo,Avila Cartes,Ph.D. student,0000-0003-3425-2823,,,,
607,Martina,Mattioli,,0009-0000-1420-9946,"Philosophy of AI, Epistemology of AI, Explainable AI, Machine Learning",1.0,14.0,
608,Nicola,Calonaci,,0000-0003-2721-4888,"Computational Biology, Cancer Evolution, CLL, Machine-Learning, Physics",6.0,154.0,
609,Paraskevi,Nomikou,,0000-0001-8842-9730,"Oceanography, Submarine Volcanism, Morphology",37.0,4430.0,
610,Fallati,Luca,Ricercatori a tempo determinato,0000-0002-5816-6316,Remote Sensing - UAV - Marine ecology - Coastal Geomorphology,13.0,727.0,University of Milano-Bicocca
611,Marco,Nobile,Associate Professor,0000-0002-7692-7203,"Computational Intelligence, Particle Swarm Optimization, Interpretable AI, Computational Biomedicine, GPGPU Computing",23.0,2319.0,Università Ca' Foscari Venezia
612,Andreea Liliana,Serban,,0000-0001-6252-9944,,,,
613,Davide,Taibi,Associate Professor,0000-0002-3210-3990,"Software Architecture, Cloud Continuum, Microservices, Serverless, Empirical Software Engineering",40.0,5701.0,Tampere University
614,BRUNO,GUINDANI,,0000-0002-1710-3466,"Bayesian Optimization, Bayesian statistics, Machine Learning",3.0,24.0,
615,Lodovico,Sterzi,PhD Student,0009-0000-3153-0977,,,,University of Milan
616,Nawaf,Almoosa,,0000-0002-5091-3030,"Computer Architecture, Systems and Controls",12.0,421.0,"Khalifa University of Science, Technology and Research"
617,Luca,Cavenaghi,,0009-0008-0787-9456,,1.0,1.0,
618,DANIELE,RAMAZZOTTI,,0000-0002-6087-2666,"Computer Science, Cancer Genomics, Machine Learning",23.0,3090.0,
619,gianluca,tartaglia,prof,0000-0001-7062-5143,"dentistry, TMJ, Electromyograpghy, saliva, biosensors",52.0,9245.0,
620,Avi,Arampatzis,Professor (Assoc.),0000-0003-2415-4592,"Information Retrieval, Data Science, Artificial Intelligence",28.0,2891.0,Democritus University of Thrace
621,Giuseppe,Baselli,Full Professor,0000-0003-2978-1704,"Cardiovascular Control, Neuro Imaging",51.0,18826.0,Politecnico di Milano
622,Clelia,De Felice,,0000-0002-1789-1706,Theory,19.0,903.0,
623,IRENE,BERTOLINI,,0000-0001-5824-6802,"Extracellular vesicles, oncology, TEM, imaging",11.0,1215.0,The Wistar Institute
624,Valentina,Mancuso ,Phd Candidate,0000-0002-4198-3723,"Psychometry, Neuropsychology, Virtual Reality",11.0,421.0,Università degli Studi eCampus
625,Nicoletta,Noceti,,0000-0002-6482-4768,"Computer Vision, Machine Learning",16.0,999.0,
626,Matteo,Mazzola,SW,0000-0001-9548-8720,,,,
627,Roberto,Carradore,,0000-0003-0573-7178,"Sociology of Knowledge, Communication of Science, Cybernetics",5.0,262.0,
628,Umberto,Restelli,,0000-0001-6831-3044,,,,
629,Giacomo,Pracucci,Student,0009-0006-6821-3987,,,,
630,Michael,Wimmer,Professor,0000-0002-9370-2663,"computer graphics, real-time rendering, procedural modeling",45.0,8197.0,TU Wien
631,CLAUDIO,MENGHI,Ricercatori a tempo determinato,0000-0001-5303-8481,"formal methods, software engineering, automated verification",21.0,1238.0,University of Bergamo
632,Riccardo,Haupt,,0000-0003-0571-8460,"Pediatria, oncologia",58.0,11892.0,Istituto Giannina Gaslini
633,Elio,Salvadori,,0000-0001-6419-3946,,26.0,2635.0,
634,Chiara,Pesenti,,0000-0002-7277-1205,,,,
635,Santosh,Anand,,0000-0003-2287-0229,"Bioinformatics, *omics, Big Data",14.0,1706.0,
636,Tiziana,Sanavia,Assistant Professor,0000-0003-3288-0631,"Bioinformatics, Machine Learning, Computational Biology, Biophysics, Biomedical Informatics",19.0,2316.0,University of Turin
637,M. Cecilia,Caino,Associate Professor,0000-0001-8294-8070,,29.0,2635.0,University of Colorado Anschutz Medical Campus
638,Roberto,Rusconi,Associate Professor,0000-0002-8385-9296,"Biophysics, Microfluidics, Soft Matter",35.0,5337.0,Humanitas University
639,Davide,Mazzini,,0000-0001-8924-9889,"Computer Vision, Deep Learning, Visual Scene Understanding, Object Recognition, Human Pose Estimation",17.0,917.0,
640,LUCA,GRECI,,0000-0003-1234-783X,"Virtual reality, Augmented reality, Rehabilitation",15.0,726.0,
641,Rocco,Zaccagnino,,0000-0002-9089-5957,"Computational Intelligence, Computer music, Formal Languages, Bioinformatics, Techno-regulation",21.0,1027.0,
642,Daniele,DI LERNIA,,0000-0001-6850-6866,"Neuroscience, Psychology",22.0,1449.0,
643,Davide,Orlandi,,0000-0001-5569-3359,Computational Biology,23.0,15926.0,
644,Angelos,Mimidis-Kentis,,0000-0002-6238-3858,"Telecommunication, Network services, Network Protocols, Software Defined Networking, SDN",,,
645,Douglas,Lee,Professor of Medicine,0000-0001-7078-745X,"cardiovascular disease, quality of care, outcomes research",84.0,32619.0,University of Toronto
646,Danilo,Reitano,Senior Technologist,0000-0002-0915-3711,"Earth Science, Electronics, Monitoring networks",9.0,365.0,Istituto Nazionale di Geofisica e Vulcanologia
647,Francesca,Saluzzo,Researcher,0000-0001-6705-1716,,,,IRCCS Ospedale San Raffaele
648,FABIO LUCA,BONALI,Postdoctoral researcher,0000-0003-3256-0793,"Earthquake-induced stress changes, Active tectonics, Historical earthquakes, Dyke and sheet intrusions, Analogue and numerical m",27.0,1665.0,
649,stephen ,kuria,Graduate Research,0009-0002-6989-9117,,3.0,38.0,
650,Christian,Lunetta,Director,0000-0002-4788-1875,Amyotrophic Lateral Sclerosis,50.0,8508.0,
651,Davide,Farinati,,0000-0003-2925-527X,Genetic Programming,1.0,9.0,
652,Renato,Polimanti,,0000-0003-0745-6046,"Human Genetics, Molecular Epidemiology, Biological Psychiatry, Complex Traits, Evolutionary Biology",46.0,9854.0,Yale University
653,Matúš,Dohál,,0000-0003-2025-2830,"MDR-TB, XDR-TB, Whole genome sequencing, Molecular-epidemiology",5.0,118.0,
654,Claudio,Angione,,0000-0002-3140-7909,"Mechanism-aware AI, Deep learning, Metabolic modelling, Systems biology, Multi-omics integration",24.0,1921.0,Teesside University
655,Roberto,Montemanni,Full Professor,0000-0002-0229-0465,"Operations Research, Machine Learning, Artificial Intelligence",38.0,6069.0,University of Modena and Reggio Emilia
656,Massimiliano,Rossi,,0000-0002-3012-1394,"Fluid Mechanics, Measurement Methods, Biological flows, Microfluidics",27.0,2691.0,Illumina (United States)
657,francesco,comandatore,Research Associate,0000-0001-8298-4792,Evolution of strange microorganisms,24.0,2691.0,University of Milan
658,Chiara,Balestrieri,Senior Bioinformatics Scientist,0000-0001-7362-3530,"Computational Biology, Cancer Research, Genomics, Transcription, Chromatin",14.0,1718.0,IRCCS Ospedale San Raffaele
659,Maike E.,Debus,,0000-0003-1040-540X,Industrial and organizational psychology,16.0,1246.0,University of Neuchâtel
660,Darius,Sas,Ph.D. Student,0000-0003-3383-3298,"Technical Debt, Software Architecture and Engineering, Computer Science",6.0,236.0,University of Groningen
661,Andrea,Biaggi,,0000-0002-1229-5219,Software Engineering,3.0,114.0,
662,Angela,Locoro,Associate Professor,0000-0002-6740-8620,"Human-Computer Interaction, Data Visualization, Knowledge Management",17.0,1550.0,University of Brescia
663,Stefano,Locci,,0009-0006-9725-2045,"AI, LLMs, NLP, Privacy, Ecology",1.0,5.0,
664,Luca,Oneto,Associate Professor,0000-0002-8445-395X,"Statistical Learning Theory, Data Science",42.0,11989.0,University of Genoa
665,Leonardo,Crespi,,0000-0001-6219-8444,"Deep Learning, Medical Imaging, Machine Learning, Image Segmentation, Features Extraction",4.0,55.0,
666,Elena,Trombetta,,0000-0002-1933-6415,Flow Cytometry; Cell Sorting; Immunology; HCC; Chemoresistance; Cancer Stem Cells,,,Fondazione IRCCS Ca' Granda Ospedale Maggiore Policlinico
667,Aman,Singh,,0000-0001-6571-327X,space,39.0,6959.0,
668,OMBRETTA,MELAIU,,0000-0001-7118-5186,,,,
669,Miguel,Caballer,Researcher,0000-0001-9393-3077,High Performance Computing - Scientific Computing - Grid Computing - Cloud Computing,20.0,1522.0,Universitat Politècnica de València
670,Parsoa,Khorsand,,0000-0002-4222-4788,"Bioinformatics, Computational Biology",4.0,50.0,University of California Davis
671,ROSALBA,ZIZZA,,0000-0001-9144-3074,"linguaggi formali, dna computing",13.0,403.0,
672,Matteo,Cameli,Director of Cardiovascular Disease Fellowship Program,0000-0003-3872-8964,"Cardiology, Echocardiography",56.0,14173.0,University of Siena
673,Peter,Lucas,,0000-0001-5454-2428,teeth ecology feeding mechanics,69.0,15084.0,University of Twente
674,Ketai,Qiu,,0009-0002-9750-2762,"Software Engineering, Artificial Intelligence, Software Testing, Failure Prediction",1.0,3.0,
675,Aldo,Lipani,Lecturer (Asst. Prof.) in Machine Learning,0000-0002-3643-6493,"AI, LLM, Information Retrieval, Natural Language Processing, Machine Learning",24.0,1912.0,University College London
676,Davide,Cangelosi,Researcher,0000-0002-6010-5619,Clinical Bioinformatics,16.0,959.0,Istituto Giannina Gaslini
677,Roberto,Doriguzzi Corin,Researcher,0000-0002-8001-7835,"Network Security, Machine Learning, Software Defined Networking",18.0,1498.0,Fondazione Bruno Kessler
678,Caterina,Oneto,Research technician,0009-0006-4553-2221,,,,IRCCS Ospedale San Raffaele
679,Stella,Papaleo,,0000-0002-6277-9502,,,,
680,Davide,La Rosa,,0000-0001-8424-0762,Medicina Respiratoria,22.0,2257.0,National Research Council
681,Sarwan,Ali,Research Associate,0000-0001-8121-2168,"Deep Learning, Machine Learning, Adversarial Attack, Combinatorial Optimization, Bioinformatics",15.0,749.0,Lahore University of Management Sciences
682,Hani,Saleh,Associate PRofessor,0000-0002-7185-0278,"AI Hardware Accelerators, Chip Design, ASICs, Computer Architecture, DSP",28.0,2831.0,Khalifa University of Science Technology
683,Jarosław,Wąs,Associate Professor/Dr hab inz.,0000-0003-2964-745X,"agent systems, cellular automata, complex collective systems",18.0,1155.0,AGH University of Science and Technology
684,Vlado,Stankovski,Full Professor,0000-0001-9547-787X,"Software Engineering, Distributed Computing, Artificial Intelligence, Semantics",30.0,4045.0,University of Ljubljana
685,Davide,Mancino,,0000-0002-9559-8476,Endodontic,23.0,1485.0,
686,Irina,Lomazova,,0000-0002-9420-3751,Computer science,20.0,1944.0,National Research University Higher School of Economics
687,Wenbin,Zou,,0000-0002-7156-0115,"Computer vision, image processing, machine learning",31.0,3785.0,
688,Gianluca,Ascolani,,0000-0001-5501-3368,,,,University of Milano-Bicocca
689,Karl,Stöger,,0000-0002-0294-2910,"Medical Law, Constitutional Law, Administrative Law",9.0,480.0,University of Vienna
690,Marta,Maisto,,0000-0003-2853-3901,,,,
691,Daniele,Loiacono,,0000-0002-5355-0634,"Machine Learning, Games, AI in Healthcare, Mixed Reality, Evolutionary Computation",29.0,2763.0,
692,ALBERTO,TROMBETTA,Associate Professor,0000-0002-2567-9297,"Databases, Security",19.0,3723.0,University of Insubria
693,Travis,Gagie,Associate Professor,0000-0003-3689-327X,"data structures, data compression",32.0,3731.0,Dalhousie University
694,Giuseppe,Carrà,,0000-0002-6877-6169,,,,University College London
695,Radu,Timofte,Humboldt Professor for AI and Computer Vision (Full),0000-0002-1478-0402,"Computer Vision, Machine Learning, AI, Compression, Computational Photography",100.0,51038.0,University of Würzburg
