Organization, new
Università degli Studi di Trieste, University of Trieste
Fondazione IRCCS Ca' Granda - Ospedale Maggiore Policlinico, 0
Technical University of Darmstadt, 0
University of Milano Bicocca, University of Milano-Bicocca
National Research Council, 0
UNIMIB, University of Milano-Bicocca
Società Italiana di Ematologia, Società Italiana di Ematologia Sperimentale
University of Rome Tor Vergata, 0
Harvard Medical School, 0
Johannes Kepler Universität Linz, 0
Università degli Studi di Milano Dipartimento di Informatica, University of Milan
University of Palermo, 0
Chitkara University, 0
Dalle Molle Institute for Artificial Intelligence Research, 0
Università degli Studi di Modena e Reggio Emilia Dipartimento di Scienze Fisiche Informatiche e Matematiche, University of Modena and Reggio Emilia
Ospedale Maggiore Policlinico, Fondazione IRCCS Ca' Granda Ospedale Maggiore Policlinico
Korea University, 0
Yale University School of Medicine, Yale University
Princess Margaret Cancer Centre, 0
Ethiopian Public Health Institute, 0
National Research University Higher School of Economics, 0
University of Brescia, 0
Consiglio Nazionale delle Ricerche, National Research Council
Khalifa University of Science and Technology, Khalifa University of Science, Technology and Research
Polytechnic University of Turin, 0
Leiden University, 0
Medical University of Graz, 0
Università degli Studi di Milano-Bicocca Dipartimento di Psicologia, University of Milano-Bicocca
RISE Research Institutes of Sweden, 0
University of Wrocław, 0
University of California Davis, 0
The University of Auckland, University of Auckland
Tempus Labs, 0
Georgia State University, 0
San Raffaele Hospital, Vita-Salute San Raffaele University
The University of Manchester, University of Manchester
University of Portsmouth, 0
Stanford University, 0
Technical University of Denmark, 0
Università degli Studi di Macerata Dipartimento di Economia e Diritto, University of Macerata
University of Zurich, 0
Università Ca' Foscari, Università Ca' Foscari Venezia
Khalifa University of Science Technology and Research, Khalifa University of Science, Technology and Research
"Democritus University of Thrace, School of Engineering", Democritus University of Thrace
Università E-Campus, Università degli Studi eCampus
Universita' degli Studi di Bergamo, University of Bergamo
University of Colorado Anschutz Medical Campus, 0
Istituto Nazionale di Geofisica e Vulcanologia, 0
ICIPE: International Centre of Insect Physiology and Ecology, 0
Teesside University, 0
Illumina (United States), 0
University of Neuchâtel, 0
Università degli Studi di Brescia, University of Brescia
University of Genoa, 0
University of Siena, 0
"Istituto di Scienza e Tecnologie dell'Informazione, Consiglio Nazionale delle Ricerche", National Research Council
Lahore University of Management Sciences, 0
University of Ljubljana, 0
Università degli Studi di Milano-Bicocca Dipartimento Informatica Sistemistica e Comunicazione, University of Milano-Bicocca
University of Vienna, 0
Università degli Studi dell'Insubria, University of Insubria
University of Würzburg, 0
