,Organization,new
0,Università degli Studi di Trieste,University of Trieste
1,Fondazione IRCCS Ca' Granda - Ospedale Maggiore Policlinico,Fondazione IRCCS Ca' Granda - Ospedale Maggiore Policlinico
2,Technical University of Darmstadt,Technical University of Darmstadt
3,University of Milano Bicocca,University of Milano-Bicocca
4,National Research Council,National Research Council
5,UNIMIB,University of Milano-Bicocca
6,University of Rome Tor Vergata,University of Rome Tor Vergata
7,Johannes Kepler Universität Linz,Johannes Kepler Universität Linz
8,Università degli Studi di Milano Dipartimento di Informatica,University of Milan
9,University of Palermo,University of Palermo
10,Chitkara University,Chitkara University
11,Dalle Molle Institute for Artificial Intelligence Research,Dalle Molle Institute for Artificial Intelligence Research
12,Università degli Studi di Modena e Reggio Emilia Dipartimento di Scienze Fisiche Informatiche e Matematiche,University of Modena and Reggio Emilia
13,Ospedale Maggiore Policlinico,Fondazione IRCCS Ca' Granda Ospedale Maggiore Policlinico
14,Korea University,Korea University
15,Yale University School of Medicine,Yale University
16,Princess Margaret Cancer Centre,Princess Margaret Cancer Centre
17,Ethiopian Public Health Institute,Ethiopian Public Health Institute
18,National Research University Higher School of Economics,National Research University Higher School of Economics
19,University of Brescia,University of Brescia
20,Consiglio Nazionale delle Ricerche,National Research Council
21,Khalifa University of Science and Technology,"Khalifa University of Science, Technology and Research"
22,Polytechnic University of Turin,Polytechnic University of Turin
23,Leiden University,Leiden University
24,Medical University of Graz,Medical University of Graz
25,Università degli Studi di Milano-Bicocca Dipartimento di Psicologia,University of Milano-Bicocca
26,RISE Research Institutes of Sweden,RISE Research Institutes of Sweden
27,University of Wrocław,University of Wrocław
28,University of California Davis,University of California Davis
29,The University of Auckland,University of Auckland
30,Tempus Labs,Tempus Labs
31,Georgia State University,Georgia State University
32,San Raffaele Hospital,Vita-Salute San Raffaele University
33,The University of Manchester,University of Manchester
34,University of Portsmouth,University of Portsmouth
35,Stanford University,Stanford University
36,Technical University of Denmark,Technical University of Denmark
37,Università degli Studi di Macerata Dipartimento di Economia e Diritto,University of Macerata
38,University of Zurich,University of Zurich
39,Università Ca' Foscari,Università Ca' Foscari Venezia
40,Khalifa University of Science Technology and Research,"Khalifa University of Science, Technology and Research"
41,"Democritus University of Thrace, School of Engineering",Democritus University of Thrace
42,Università E-Campus,Università degli Studi eCampus
43,Universita' degli Studi di Bergamo,University of Bergamo
44,University of Colorado Anschutz Medical Campus,University of Colorado Anschutz Medical Campus
45,Istituto Nazionale di Geofisica e Vulcanologia,Istituto Nazionale di Geofisica e Vulcanologia
46,ICIPE: International Centre of Insect Physiology and Ecology,ICIPE: International Centre of Insect Physiology and Ecology
47,Teesside University,Teesside University
48,Illumina (United States),Illumina (United States)
49,University of Neuchâtel,University of Neuchâtel
50,Università degli Studi di Brescia,University of Brescia
51,University of Genoa,University of Genoa
52,University of Siena,University of Siena
53,"Istituto di Scienza e Tecnologie dell'Informazione, Consiglio Nazionale delle Ricerche",National Research Council
54,Lahore University of Management Sciences,Lahore University of Management Sciences
55,University of Ljubljana,University of Ljubljana
56,Università degli Studi di Milano-Bicocca Dipartimento Informatica Sistemistica e Comunicazione,University of Milano-Bicocca
57,University of Vienna,University of Vienna
58,Università degli Studi dell'Insubria,University of Insubria
59,University of Würzburg,University of Würzburg
